<?xml version="1.0" encoding="UTF-8"?>
<!DOCTYPE mapper PUBLIC "-//mybatis.org//DTD Mapper 3.0//EN" "http://mybatis.org/dtd/mybatis-3-mapper.dtd">
<mapper namespace="com.withus.buseo.dao.BuseoMapper">  
	
 
	<resultMap id="buseoVo" type="com.withus.buseo.dao.BuseoVO">
		<result property="binx" column="binx" />
		<result property="buseoCode" column="buseo_code" />
		<result property="buseoName" column="buseo_name" />
		<result property="buseoComment" column="buseo_comment" />
		<result property="buseoSosok" column="buseo_sosok" />
	</resultMap>
	
	<insert id="insertBuseo">
		<![CDATA[
			INSERT INTO buseo 
				( binx
				  , buseo_code
				  , buseo_name
				  , buseo_comment
				  , buseo_sosok )
			VALUES ( #{binx}
				  ,#{buseoCode}
				  ,#{buseoName}
				  ,#{buseoComment}
				  ,#{buseoSosok} )
		]]>
	</insert>
	
	<update id="updateBuseo">
		<![CDATA[
			UPDATE buseo
			SET binx=#{binx}
				, buseo_code=#{buseoCode}
				, buseo_name=#{buseoName}
				, buseo_comment=#{buseoComment}
				, buseo_sosok=#{buseoSosok}
			]]>
	</update>
	
	<delete id="deleteBuseo">
		<![CDATA[
			DELETE FROM buseo 
			]]>
	</delete>
	
	<select id="selectBuseo" parameterType="int" resultMap="buseoVo">
		<![CDATA[
			SELECT * FROM buseo
			where binx=${binx}
			]]>
	</select>
	
	<select id="selectBuseoList" parameterType="hashmap"  resultMap="buseoVo">
	SELECT * FROM ( SELECT TB.*, rownum rn  FROM (
			SELECT * FROM buseo
 			WHERE 1=1
			<if test="searchWord != null and searchWord != ''  ">
			<![CDATA[	and buseo_name LIKE CONCAT('%',#{searchWord},'%') ]]>
			</if> 
			 order by buseo_name asc 
			 )  TB ) WHERE rn BETWEEN ${end} + 1 AND ${end} + ${start}
<!-- 	         limit ${start} offset ${end}	 -->
	</select>	
	<select id="selectBuseoListTotCnt" parameterType="hashmap" resultType="int">
			SELECT COUNT(*) totcnt
			FROM buseo WHERE 1=1
			<if test="searchWord != null and searchWord != ''  ">
			<![CDATA[	and buseo_name LIKE CONCAT('%',#{searchWord},'%')  ]]>
			</if> 
	</select>
		<select id="selectBuseoListAll" parameterType="hashmap"  resultMap="buseoVo">
			SELECT * FROM buseo
			WHERE 1=1
  			ORDER BY buseo_name
			 
	</select>	
	
</mapper>
