<?xml version="1.0" encoding="UTF-8"?>
<!DOCTYPE mapper PUBLIC "-//mybatis.org//DTD Mapper 3.0//EN" "http://mybatis.org/dtd/mybatis-3-mapper.dtd">
<mapper namespace="com.withus.business.dao.BusinessMapper">


<resultMap id="businessVo" type="com.withus.business.dao.BusinessVO">
		<result property="bizCd" column="biz_cd" />
		<result property="bizName" column="biz_name" />
		<result property="etc" column="etc" />
		<result property="bizEtc" column="biz_etc" />
		<result property="plantCd" column="plant_cd" />
		<result property="unitNum" column="unit_num" />
		<result property="chngCoreCycleNum" column="chng_core_cycle_num" />
		<result property="plant_cd_" column="plant_cd_" />
	</resultMap>
	
	<insert id="insertBusiness">
	INSERT INTO TB_BIZ_LIST
		(
		 biz_cd
		, biz_name
		, etc
		, biz_etc
		, plant_cd
		, unit_num
		, chng_core_cycle_num)
		VALUES (
		BIZ_SEQ.nextval
		,#{bizName, jdbcType=VARCHAR}
		,#{etc, jdbcType=VARCHAR}
		,#{bizEtc, jdbcType=VARCHAR}
		,#{plantCd, jdbcType=VARCHAR}
		,#{unitNum, jdbcType=VARCHAR}
		,#{chngCoreCycleNum, jdbcType=VARCHAR}
		)
	</insert>
	
	<select id="AllBusinessList" parameterType="hashmap" resultMap="businessVo">
	SELECT * FROM  TB_BIZ_LIST
	where 1=1
	<if test="flag != null and flag != ''  ">
			<![CDATA[	and  BIZ_ETC= #{flag} ]]>
	</if> 
			
	</select>
	
	<select id="selectBusinessList" parameterType="hashmap"  resultMap="businessVo">
	SELECT * FROM ( SELECT TB.*, rownum rn  FROM (
			SELECT TB_BIZ_LIST.* 
			,(SELECT ctitle FROM category WHERE ctype = 'H' AND CINFO ='A'  AND MEMO = TB_BIZ_LIST.plant_cd) AS PLANT_CD_
			FROM TB_BIZ_LIST
 			WHERE 1=1
			<if test="searchWord != null and searchWord != ''  ">
			<![CDATA[	and biz_name LIKE '%'||#{searchWord}||'%' ]]>
			</if> 
			 order by biz_cd asc 
			 )  TB ) WHERE rn BETWEEN ${end} + 1 AND ${end} + ${start}
<!-- 	         limit ${start} offset ${end}	 -->
	</select>	
	
	<select id="selectBusinessListTotCnt" parameterType="hashmap" resultType="int">
	SELECT COUNT(*) totcnt
	FROM TB_BIZ_LIST WHERE 1=1
	<if test="searchWord != null and searchWord != ''  ">
		<![CDATA[	and biz_name LIKE '%'||#{searchWord}||'%'  ]]>
			</if> 
	
	</select>
	
	<delete id="deleteBusiness" >
		delete from TB_BIZ_LIST WHERE biz_cd = #{bizCd}
	</delete>
	
	<update id="updateBusiness">
	update TB_BIZ_LIST
	<set>
	<if test="bizName != null">biz_name=#{bizName},</if>
	<if test="etc != null">etc=#{etc},</if>
	<if test="bizEtc != null">biz_etc=#{bizEtc},</if>
	<if test="plantCd != null">plant_cd=#{plantCd},</if>
	<if test="unitNum != null">unit_num=#{unitNum},</if>
	<if test="chngCoreCycleNum != null">chng_core_cycle_num=#{chngCoreCycleNum}</if>
	</set>
	where biz_cd=#{bizCd}
	</update>
	
	<select id = "getBusiness" parameterType="hashmap" resultMap="businessVo">
	SELECT * FROM TB_BIZ_LIST
	<![CDATA[
			where biz_cd='${bizCd}'
	]]>
	</select>
	

</mapper>