<?xml version="1.0" encoding="UTF-8"?>
<!DOCTYPE mapper PUBLIC "-//mybatis.org//DTD Mapper 3.0//EN" "http://mybatis.org/dtd/mybatis-3-mapper.dtd">

<mapper namespace="com.withus.userInfoLog.dao.UserInfoLogMapper">

	<resultMap id="userInfoLog" type="com.withus.userInfoLog.dao.UserInfoLogVO"> 
		<result property="seq" column="seq" />
		<result property="userid" column="userid" />
		<result property="username" column="username" />
		<result property="updateDate" column="update_date" />
		<result property="ip" column="ip" />
		<result property="birthday" column="birthday" />
		<result property="sex" column="sex" />
		<result property="tel" column="tel" />
		<result property="mobile" column="mobile" />
		<result property="zipcode" column="zipcode" />
		<result property="addr1" column="addr1" />
		<result property="addr2" column="addr2" />
		<result property="email" column="email" />
		<result property="deptcode" column="deptcode" />
		<result property="etc" column="etc" />
		<result property="userpwd" column="userpwd" />
		<result property="userOut" column="user_out" />
	</resultMap>
	
	<insert id="insertUserInfoLog">
		 
			INSERT INTO user_info_log 
				( seq
				  , userid
				  , username
				  , update_date
				  , ip
				 <if test="birthday != null"> , birthday </if>
				 <if test="sex != null"> , sex </if>
				 <if test="tel != null"> , tel </if>
				 <if test="mobile != null"> , mobile </if>
				 <if test="zipcode != null"> , zipcode </if>
				 <if test="addr1 != null"> , addr1 </if>
				 <if test="addr2 != null"> , addr2 </if>
				 <if test="email != null"> , email </if>
				 <if test="deptcode != null"> , deptcode </if>
				 , etc
				 <if test="userpwd != null"> , userpwd </if>
				 <if test="userOut != null"> , user_out </if>
				 
				 )
			VALUES ( 
					USERINFOLOG_SEQ.nextval
				  ,#{userid}
				  ,#{username}
				  ,sysdate
				  ,#{ip}
				 <if test="birthday != null"> , #{birthday} </if>
				 <if test="sex != null"> , #{sex} </if>
				 <if test="tel != null"> ,  #{tel} </if>
				 <if test="mobile != null"> ,  #{mobile} </if>
				 <if test="zipcode != null"> ,  #{zipcode} </if>
				 <if test="addr1 != null"> ,  #{addr1} </if>
				 <if test="addr2 != null"> ,  #{addr2} </if>
				 <if test="email != null"> ,  #{email} </if>
				 <if test="deptcode != null"> ,  #{deptcode} </if>
				  ,#{etc}
				 <if test="userpwd != null"> ,  #{userpwd} </if>
				 <if test="userOut != null"> ,  #{userOut} </if>
				  )
	 
	</insert>
 
	
	<delete id="deleteUserInfoLog">
		<![CDATA[
			DELETE FROM user_info_log where id=#{id}
			]]>
	</delete>
	
	<select id="selectUserInfoLog"  parameterType="String" resultMap="userInfoLog" >
		<![CDATA[
			SELECT * FROM user_info_log where id=#{id}
			]]>
	</select>
	
	<select id="selectUserInfoLogList"  parameterType="String" resultMap="userInfoLog">
	SELECT * FROM ( SELECT rownum rn, TB.* FROM (
			 SELECT  * FROM user_info_log where 1=1  
        	<if test="searchWord != null and searchWord != '' and searchFild != null and searchFild != '' ">
			<![CDATA[	and ( #{searchFild} LIKE '%' ||#{searchWord} ||'%'  ) ]]>
			</if> 
		order by seq desc
		)  TB ) WHERE rn BETWEEN ${end} + 1 AND ${end} + ${start}
        <!--  limit ${start} offset ${end} -->
	</select>	
	<select id="selectUserInfoLogListTotCnt" parameterType="hashmap" resultType="int"> 
			SELECT count(*) FROM user_info_log where 1=1
			<if test="searchWord != null and searchWord != '' and searchFild != null and searchFild != '' ">
			<![CDATA[	and ( #{searchFild} LIKE CONCAT('%',#{searchWord},'%')  ) ]]>
			</if> 
	</select>
</mapper>