<?xml version="1.0" encoding="UTF-8"?>
<!DOCTYPE mapper PUBLIC "-//mybatis.org//DTD Mapper 3.0//EN" "http://mybatis.org/dtd/mybatis-3-mapper.dtd">
<mapper namespace="com.withus.memo.dao.ContentMemoMapper"> 
 
	<resultMap id="contentMemo" type="com.withus.memo.dao.ContentMemoVO">
		<result property="muid" column="muid" />
		<result property="calnoteId" column="calnote_id" />
		<result property="id" column="id" />
		<result property="wdate" column="wdate" />
		<result property="contents" column="contents" />
		<result property="wname" column="wname" />
		<result property="ip" column="ip" />
		<result property="state" column="state" />
		<result property="delFlag" column="del_flag" />
		<result property="flag" column="flag" />
	</resultMap>
	
	<insert id="insertContentMemo">
		<![CDATA[
			INSERT INTO content_memo 
			
				( muid 
				  , calnote_id
				  , id
				  , wdate
				  , contents
				  , wname
				  , ip
				  , state 
				  , del_flag
				  ,parent_muid
				  ,step
				  ,flag)
			VALUES (MEMO_SEQ.nextval
			      ,#{calnoteId}
				  ,#{id}
				  ,sysdate
				  ,#{contents}
				  ,#{wname}
				  ,#{ip}
				  ,#{state}
				  ,'N'
				  ,MEMO_SEQ.CURRVAL
				  ,0
				  ,'Y')
		]]>
	</insert>
	
	<insert id="replyContentMemo">
		<![CDATA[
			INSERT INTO content_memo 
			
				( muid 
				  , calnote_id
				  , id
				  , wdate
				  , contents
				  , wname
				  , ip
				  , state 
				  , del_flag
				  ,parent_muid
				  ,step)
			VALUES (MEMO_SEQ.nextval
			      ,#{calnoteId}
				  ,#{id}
				  ,sysdate
				  ,#{contents}
				  ,#{wname}
				  ,#{ip}
				  ,#{state}
				  ,'N'
				  ,#{parentMuid}
				  ,#{step})
		]]>
	</insert>
	
	
	<update id="updateContentMemo">
		<![CDATA[
			UPDATE content_memo
			SET 
			 	contents=#{contents}
 
				where  muid=#{muid} and id = #{id}
			]]>
	</update>
	
		<update id="updateContentMemoFlag">
		<![CDATA[
			UPDATE content_memo
			SET 
			 	flag='N'
 
				where  muid=#{muid}
			]]>
	</update>
	
	<delete id="deleteContentMemo">
	<!-- 			DELETE FROM content_memo where  muid=#{muid} -->
		<![CDATA[
 
			UPDATE content_memo
			SET 
			 	del_flag='Y'
 
				where  muid=#{muid} 
				
			]]>
	</delete>
	<delete id="deleteContentMemoUser">
	<!-- 			DELETE FROM content_memo where  muid=#{muid} and id=#{id} -->
		<![CDATA[

				UPDATE content_memo
			SET 
			 	del_flag='Y'
 
				where  muid=#{muid} and id = #{id}
			]]>
	</delete>
	
	<select id="selectContentMemo" resultMap="contentMemo">
		<![CDATA[
			SELECT * FROM content_memo  where  muid=#{muid} and del_flag = 'N'
			]]>
	</select>
	
	<select id="selectContentMemoFlag"  resultMap="contentMemo">
		SELECT * FROM ( SELECT TB.*, rownum rn  FROM (
			SELECT * FROM content_memo
			WHERE 1=1 and del_flag = 'N'
		 <if test="calnoteId != null and calnoteId != ''">
				and calnote_id = #{calnoteId} 
		</if>
		<if test=" state != null and state != ''">
				and state = #{state} 
		</if> 
		 order by wdate desc
			 )  TB ) WHERE rn = 1
	</select>
	
	
	
	
	<select id="selectContentMemoList" parameterType="hashmap" resultMap="contentMemo">
	SELECT * FROM ( SELECT TB.*, rownum rn  FROM (
			SELECT * FROM content_memo
			WHERE 1=1 and del_flag = 'N'
			 <if test="calnoteId != null and calnoteId != ''">
				and calnote_id = #{calnoteId} 
			</if>
			<if test=" state != null and state != ''">
				and state = #{state} 
			</if> 
			 order by parent_muid desc, step asc, muid asc
			 )  TB ) WHERE rn BETWEEN ${end} + 1 AND ${end} + ${start}
	         <!-- limit ${start} offset ${end}		 -->
	</select>
 
		
	<select id="selectContentMemoListTotCnt" parameterType="hashmap" resultType="int">
			SELECT COUNT(*) totcnt
			FROM content_memo
			WHERE 1=1 and del_flag = 'N'
			 <if test="calnoteId != null and calnoteId != ''">
				and calnote_id = #{calnoteId} 
			</if>
			<if test=" state != null and state != ''">
				and state = #{state} 
			</if> 
			 
	</select>
	
	<select id="comment_check"  resultType="int">
			SELECT COUNT(*) totcnt
			FROM content_memo
			WHERE 1=1 and del_flag = 'N'
			 <if test="calnoteId != null and calnoteId != ''">
				and calnote_id = #{calnoteId} 
			</if>
			<if test=" state != null and state != ''">
				and state = #{state} 
			</if>
			<if test=" id != null and id != ''">
				and id = #{id} 
			</if> 
			 
	</select>
	
	
	
	<select id="codceComment_select" resultMap="contentMemo">
		<![CDATA[
		    SELECT * FROM ( SELECT TB.*, rownum rn  FROM (
			SELECT * FROM content_memo  where  id=#{userId} and state=#{state} and calnote_id=#{calnoteId} and del_flag = 'N'
			order by wdate desc 
			 )  TB ) WHERE rn = 1
			]]>
	</select>
	
</mapper>
