<?xml version="1.0" encoding="UTF-8"?>
<!DOCTYPE mapper PUBLIC "-//mybatis.org//DTD Mapper 3.0//EN" "http://mybatis.org/dtd/mybatis-3-mapper.dtd">

<mapper namespace="com.withus.authority.dao.AuthorityMapper">  
	
	<resultMap id="authorityVo" type="com.withus.authority.dao.AuthorityVO">
 		<result property="authority" column="authority" />
		<result property="authorityName" column="authority_name" />
	</resultMap>
	
  
	
	<insert id="insertAuthority">
		<![CDATA[
		
		
		MERGE into authority 
	 		using DUAL
	 		ON (authority =  #{authority})
	 	WHEN MATCHED THEN
	 	UPDATE  set
	 	authority_name = #{authorityName}
			
	 	WHEN NOT MATCHED THEN	 		 	
	 	INSERT  ( authority, authority_name )
			VALUES ( #{authority}, #{authorityName} )
				  
			 
		]]>
	</insert>
	
	<update id="updateAuthority">
		<![CDATA[
			UPDATE authority
			SET  authority_name=#{authorityName}
			where  authority=#{authority}
			]]>
	</update>
	
	<delete id="deleteAuthority" parameterType="String">
		<![CDATA[
			DELETE FROM authority where authority=#{authority}
			]]>
	</delete>
	
	<select id="selectAuthority" parameterType="String" resultMap="authorityVo">
		<![CDATA[
			SELECT
				authority
				, authority_name
			FROM authority
			where authority=#{authority}
			]]>
	</select>
	
	<select id="selectAuthorityList" resultMap="authorityVo">
			SELECT
								authority
								, authority_name
					FROM authority
 
	</select>	
	<select id="selectAuthorityListTotCnt" resultType="int">
			SELECT COUNT(*) totcnt
			FROM authority
 
	</select>

</mapper>
