<?xml version="1.0" encoding="UTF-8"?>
<!DOCTYPE mapper PUBLIC "-//mybatis.org//DTD Mapper 3.0//EN" "http://mybatis.org/dtd/mybatis-3-mapper.dtd">
<mapper namespace="com.withus.besttopsub.dao.BestTopSubMapper"> 
	
	<resultMap id="besttopsubVo" type="com.withus.besttopsub.dao.BestTopSubVO">
		<result property="btsId" column="bts_id" />
		<result property="btiId" column="bti_id" />
		<result property="btsOrder" column="bts_order" />
		<result property="btsTitle" column="bts_title" />
		<result property="btsOcode" column="bts_ocode" />
		<result property="btsUip" column="bts_uip" />
		<result property="btsUid" column="bts_uid" />
		<result property="btsUdate" column="bts_udate" />
		<result property="btsRdate" column="bts_rdate" />
		<result property="btsType" column="bts_type" />
		
		<result property="subfolder" column="subfolder" />
		<result property="modelimage" column="modelimage" />
		<result property="thumbnailFile" column="thumbnail_file" />
	</resultMap>
 
	
	<insert id="insertBestTopSub">
		<![CDATA[
			INSERT INTO best_top_sub 
				(  bti_id
				  , bts_order
				  , bts_title
				  , bts_ocode
				  , bts_uip
				  , bts_uid
				  , bts_udate
				  , bts_rdate
				  , bts_type )
			VALUES ( #{btiId}
				  , #{btsOrder}
				  , #{btsTitle}
				  , #{btsOcode}
				  , #{btsUip}
				  , #{btsUid}
				  , now()
				  , now()
				  , #{btsType} )
		]]>
	</insert>
	
	<insert id="insertBestTopSub2" parameterType="hashmap">
        insert into best_top_sub(bti_id
				  , bts_order
				  , bts_title
				  , bts_ocode
 
				  , bts_udate
				  , bts_rdate
				  , bts_type)
        values
        <foreach collection="list" item="item" index="index" separator=" , ">
            ( #{item.btiId}
            
				  , #{item.btsOrder}
				  , #{item.btsTitle}
				  , #{item.btsOcode}
 
				  , now()
				  , now()
				  , #{item.btsType}
		
				  )
		</foreach>
        
 </insert>
  
	
	<update id="updateBestTopSub">
		<![CDATA[
			UPDATE best_top_sub
			SET bts_id=#{btsId}
				, bti_id=#{btiId}
				, bts_order=#{btsOrder}
				, bts_title=#{btsTitle}
				, bts_ocode=#{btsOcode}
				, bts_uip=#{btsUip}
				, bts_uid=#{btsUid}
				, bts_udate=#{btsUdate}
				, bts_rdate=#{btsRdate}
				, bts_type=#{btsType}
						WHERE bts_id=#{btsId}
								AND bti_id=#{btiId}
				]]>
	</update>
	
	<delete id="deleteBestTopSub">
		<![CDATA[
			DELETE FROM best_top_sub 
						WHERE  bti_id=#{btiId}
				]]>
	</delete>
	
	<select id="selectBestTopSub" resultMap="besttopsubVo">
		<![CDATA[
			SELECT * FROM best_top_sub
			WHERE bts_id=#{btsId}
			AND bti_id=#{btiId}
				]]>
	</select>
	
	<select id="selectBestTopSubList"  resultMap="besttopsubVo" >
			SELECT a.*, b.subfolder, b.modelimage, b.thumbnail_file
					FROM best_top_sub a LEFT JOIN vod_media b ON a.bts_ocode= b.ocode
			WHERE a.bti_id = #{btiId}
	 
	</select>	
	<select id="selectBestTopSubListTotCnt"  resultMap="besttopsubVo" >
			SELECT COUNT(*) totcnt
			FROM best_top_sub 
			WHERE bti_id = #{btiId}
	</select>

</mapper>
