<?xml version="1.0" encoding="UTF-8"?>
<!DOCTYPE mapper PUBLIC "-//mybatis.org//DTD Mapper 3.0//EN" "http://mybatis.org/dtd/mybatis-3-mapper.dtd">
<mapper namespace="com.ext.jfile.service.impl.AttachFileDAO">  
	 <resultMap id="jFile" type="com.ext.jfile.service.impl.JFileVO"></resultMap>
	<insert id="addAttachFile"  >
		<selectKey resultType="String" keyProperty="fileSeq" order="BEFORE">
				SELECT nvl(MAX(FILE_SEQ),0)+1 FROM J_ATTACHFILE WHERE FILE_ID = #{fileId}			
	    </selectKey>
		INSERT
		  INTO J_ATTACHFILE 
		      (
			   FILE_ID, 
			   FILE_SEQ,
			   FILE_NAME,
			   FILE_SIZE,
			   FILE_MASK,
			   DOWNLOAD_COUNT,
			   DOWNLOAD_EXPIRE_DATE, 
			   DOWNLOAD_LIMIT_COUNT,
			   REG_DATE,
			   FLAG
			  )
			   VALUES
			  (  
			   #{fileId, jdbcType=VARCHAR },
			   JFILE_SEQ.nextval, 
			   #{fileName, jdbcType=VARCHAR}, 
			   #{fileSize, jdbcType=NUMERIC} , 
			   #{fileMask, jdbcType=VARCHAR} ,
			    0, 
			   #{downloadExpireDate, jdbcType=VARCHAR},
			   #{downloadLimitCount, jdbcType=NUMERIC},
			   SYSDATE,
			    #{flag, jdbcType=VARCHAR}
			  )		
	</insert>
	
	<update id="updateAttachFileDeleteYnByFileId" parameterType="hashmap">
		UPDATE J_ATTACHFILE
		   SET DELETE_YN = #{deleteYn}
		 WHERE FILE_ID   = #{fileId}
	</update>
	
	<update id="updateAttachFileDeleteYn" parameterType="hashmap">
		UPDATE J_ATTACHFILE
		   SET DELETE_YN = #{deleteYn}
		 WHERE FILE_ID  = #{fileId}
		 <if test="fileSeqs != '' and fileSeqs != null">
		 and  FILE_SEQ in
		    <foreach item="item" index="index" collection="fileSeqs" open="(" separator="," close=")">
		        #{item}
		    </foreach> 
		</if>
       
	</update>
	
	<update id="updateAttachFileDownloadCount" parameterType="hashmap">
		UPDATE J_ATTACHFILE 
           SET DOWNLOAD_COUNT = DOWNLOAD_COUNT + 1
        <where>
         	<if test="fileId != null and fileId != '' ">
		       and FILE_ID  = #{fileId}
		  	</if>
		  	<if test="fileSeq != null and fileSeq != '' ">
		       FILE_SEQ = #{fileSeq}
		  	</if>
       </where>
	</update>
	
	<update id="updateAttachFileDownloadCountBySequence" parameterType="hashmap">
		UPDATE J_ATTACHFILE
           SET DOWNLOAD_COUNT = DOWNLOAD_COUNT + 1
         WHERE FILE_ID        = #{fileId}
           AND FILE_SEQ       = #{fileSeq}
	</update>
	
	<update id="updateAttachFileDownloadCountByFileId" parameterType="hashmap">
		UPDATE J_ATTACHFILE
           SET DOWNLOAD_COUNT = DOWNLOAD_COUNT + 1
         WHERE FILE_ID = #{fileId}
	</update>
	
	<delete id="removeAttachFile" parameterType="hashmap">
		DELETE
          FROM J_ATTACHFILE 
         WHERE FILE_ID  = #{fileId}
      
		<if test="fileSeqs != '' and fileSeqs != null">
		 and  FILE_SEQ in
		    <foreach item="item" index="index" collection="fileSeqs" open="(" separator="," close=")">
		        #{item}
		    </foreach> 
		</if>
		
       
	</delete>
	
	<select id="selectAttachFile" parameterType="hashmap" resultMap="jFile">
		SELECT 
			   FILE_ID               as fileId,
			   FILE_SEQ              as fileSeq,
			   FILE_NAME             as fileName,
		       FILE_SIZE             as fileSize,
		       FILE_MASK             as fileMask,
		       DOWNLOAD_COUNT        as downloadCount, 
		       DOWNLOAD_EXPIRE_DATE  as downloadExpireDate, 
		       DOWNLOAD_LIMIT_COUNT  as downloadLimitCount, 
		       REG_DATE              as regDate
		  FROM J_ATTACHFILE 
		  where 1=1
		  	<if test="fileId != null and fileId != '' ">
		       and FILE_ID  = #{fileId}
		  	</if>
		  	<if test="fileSeq != null and fileSeq != '' ">
		       and FILE_SEQ = #{fileSeq}
		  	</if>
		  	
		  	<if test="flag != null and flag != '' ">
		       and FLAG = #{flag}
		  	</if>
		  
	</select>
	
	
	<select id="selectAttachFiles" parameterType="hashmap" resultMap="jFile">
		SELECT 
			   FILE_ID               as fileId,
			   FILE_SEQ              as fileSeq,
			   FILE_NAME             as fileName,
		       FILE_SIZE             as fileSize,
		       FILE_MASK             as fileMask,
		       DOWNLOAD_COUNT        as downloadCount, 
		       DOWNLOAD_EXPIRE_DATE  as downloadExpireDate, 
		       DOWNLOAD_LIMIT_COUNT  as downloadLimitCount, 
		       REG_DATE              as regDate
		  FROM J_ATTACHFILE 
		  where 1=1
		  	<if test="fileId != null and fileId != '' ">
		       and FILE_ID  = #{fileId}
		  	</if>
		  		<if test="flag != null and flag != '' ">
		       and FLAG  = #{flag}
		  	</if>
		  	 
		  
	</select>
	
	<select id="getAttachFileSeqs" parameterType="hashmap" resultType="string">
		SELECT FILE_SEQ
		  FROM J_ATTACHFILE
		 WHERE FILE_ID = #{fileId}
		   AND DELETE_YN = 'Y'  
	</select>
	
	<select id="isExistingAttachFileInfo" parameterType="hashmap" resultType="string">
		SELECT FILE_ID
		  FROM J_ATTACHFILE
		 WHERE FILE_ID  = #{fileId}
		<if test="fileSeqs != '' and fileSeqs != null">
		 and  FILE_SEQ in
		    <foreach item="item" index="index" collection="fileSeqs" open="(" separator="," close=")">
		        #{item}
		    </foreach> 
		</if>
	</select>
	
</mapper>