<?xml version="1.0" encoding="UTF-8"?>
<!DOCTYPE mapper PUBLIC "-//mybatis.org//DTD Mapper 3.0//EN" "http://mybatis.org/dtd/mybatis-3-mapper.dtd">
<mapper namespace="com.withus.question.dao.QuestionMapper">

	<resultMap id="questionVo" type="com.withus.question.dao.QuestionVO">
		<result property="seq" column="seq" />
		<result property="dcode" column="dcode" />
		<result property="id" column="id" />
		<result property="name" column="name" />
		<result property="sort" column="sort" />
	</resultMap>
	
		<insert id="insertQuestionMember" parameterType="hashmap">
        insert into support_question(dcode, id) 
        values
        <foreach collection="list" item="item" index="index" separator=" , ">
            ( #{item.dcode} , #{item.memberId} )
		</foreach>
 	  </insert>
 	  
 	  <select id="questionAllList" resultMap ="questionVo">
 	 SELECT *,(SELECT NAME FROM member WHERE id=support_question.id) AS NAME, (SELECT ctitle  FROM category WHERE ccode=support_question.dcode AND ctype='Q') AS sort FROM support_question WHERE 1=1 ORDER BY dcode ASC;
 	  </select>
	
	<delete id="deleteQuestion" parameterType="hashmap">
	<![CDATA[
			DELETE FROM support_question where id=#{id} and dcode=#{dcode}
			]]>
	</delete>
	
	
	
 	  
</mapper>