<?xml version="1.0" encoding="UTF-8"?>
<!DOCTYPE mapper PUBLIC "-//mybatis.org//DTD Mapper 3.0//EN" "http://mybatis.org/dtd/mybatis-3-mapper.dtd">

<mapper namespace="com.withus.secured.dao.SecuredResourcesMapper">  
	
 
	<resultMap id="securedResourcesVo" type="com.withus.secured.dao.SecuredResourcesVO">
		<result property="resourceId" column="resource_id" />
		<result property="resourceName" column="resource_name" />
		<result property="resourcePattern" column="resource_pattern" />
		<result property="resourceType" column="resource_type" />
		<result property="sortOrder" column="sort_order" />
	</resultMap>
	
	<insert id="insertSecuredResources">
		<![CDATA[
		
		MERGE into secured_resources 
	 		using DUAL
	 		ON (resource_id =  #{resourceId})
	 	WHEN MATCHED THEN
	 	UPDATE  set
	 	    resource_name = #{resourceName}, 
			resource_pattern = #{resourcePattern}, 
			resource_type = #{resourceType}, 
			sort_order = #{sortOrder}
			
	 	WHEN NOT MATCHED THEN	 		 	
	 	INSERT( resource_id
				  , resource_name
				  , resource_pattern
				  , resource_type
				  , sort_order )
			VALUES ( #{resourceId}
				  , #{resourceName}
				  , #{resourcePattern}
				  , #{resourceType}
				  , #{sortOrder} )
	 	
	  
		]]>
	</insert>
	
	<update id="updateSecuredResources">
		<![CDATA[
			UPDATE secured_resources
			SET 
				 resource_name=#{resourceName}
				, resource_pattern=#{resourcePattern}
				, resource_type=#{resourceType}
				, sort_order=#{sortOrder}
				where resource_id=#{resourceId}
			]]>
	</update>
	
	<delete id="deleteSecuredResources">
		<![CDATA[
			DELETE FROM secured_resources where resource_id=#{resourceId}
			]]>
	</delete>
	
	<select id="selectSecuredResources" resultMap="securedResourcesVo">
		<![CDATA[
			SELECT
				*
			FROM secured_resources where resource_id=#{resourceId}
			]]>
	</select>
	
	<select id="selectSecuredResourcesList"  resultMap="securedResourcesVo">
			SELECT *
					FROM secured_resources

	</select>	
	<select id="selectSecuredResourcesListTotCnt" resultType="int">
			SELECT COUNT(*) totcnt
			FROM secured_resources
 
	</select>


	<delete id="deleteSecuredResourcesAuthority">
		<![CDATA[
			DELETE FROM secured_resources_authority where seq=#{seq}
			]]>
	</delete>
	
	
	<insert id="insertSecuredAuthority" parameterType="hashmap">
        insert all
      
        <foreach collection="list" item="item" index="index" separator=" ">
          into secured_resources_authority 
          values
            (SECURED_AUTH_SEQ.nextval, #{item.resourceId} , #{item.authority} )
       
		</foreach>
           select * from dual
   </insert>
   
   <select id="selectSecuredResourcesAuthorityList" resultMap="securedResourcesVo">
		<![CDATA[
			SELECT
				a.*, b.resource_name
			FROM secured_resources_authority a left join secured_resources b on a.resource_id=b.resource_id where a.resource_id=#{resourceId}
			]]>
	</select>
   
   
</mapper>
