<?xml version="1.0" encoding="UTF-8"?>
<!DOCTYPE mapper PUBLIC "-//mybatis.org//DTD Mapper 3.0//EN" "http://mybatis.org/dtd/mybatis-3-mapper.dtd">
<mapper namespace="com.withus.boardinfo.dao.BoardInfoMapper"> 
	
	
	<resultMap id="boardInfoVo" type="com.withus.boardinfo.dao.BoardInfoVO">
		<result property="boardId" column="board_id" />
		<result property="seq" column="seq"/>
		<result property="boardTitle" column="board_title" />
		<result property="boardPageLine" column="board_page_line" />
		<result property="boardImageFlag" column="board_image_flag" />
		<result property="boardFileFlag" column="board_file_flag" />
		<result property="boardLinkFlag" column="board_link_flag" />
		<result property="boardTopComments" column="board_top_comments" />
		<result property="boardFooterComments" column="board_footer_comments" />
		<result property="boardUserFlag" column="board_user_flag" />
		<result property="boardPriority" column="board_priority" />
		<result property="boardDate" column="board_date" />
		<result property="flag" column="flag" />
		<result property="boardAuthList" column="board_auth_list" />
		<result property="boardAuthRead" column="board_auth_read" />
		<result property="boardAuthWrite" column="board_auth_write" />
		<result property="delFlag" column="del_flag" />
		<result property="viewComment" column="view_comment" />
		<result property="boardCcode" column="board_ccode" />
		<result property="boardSecurityFlag" column="board_security_flag" />
		<result property="boardCnt" column="board_cnt" />
		<result property="mail" column="mail" />
	</resultMap>
	
	<insert id="insertBoardInfo">
	  	<selectKey resultType="int" keyProperty="boardId" order="BEFORE">
                SELECT NVL(MAX(board_id)+1, 1) FROM board_info
         </selectKey>
         
		<![CDATA[
			INSERT INTO board_info 
				( seq
				  , board_id
				  , board_title
				  , board_page_line
				  , board_image_flag
				  , board_file_flag
				  , board_link_flag
				  , board_top_comments
				  , board_footer_comments
				  , board_user_flag
				  , board_priority
				  , board_date
				  , flag
				  , board_auth_list
				  , board_auth_read
				  , board_auth_write
				  , del_flag
				  , view_comment
				  , board_ccode
				  , board_security_flag 
				  ,mail)
			VALUES (
			 		INFO_SEQ.nextval
				  ,	#{boardId, jdbcType=NUMERIC}
				  , #{boardTitle, jdbcType=VARCHAR}
				  , #{boardPageLine, jdbcType=NUMERIC}
				  , #{boardImageFlag, jdbcType=CHAR}
				  , #{boardFileFlag, jdbcType=CHAR}
				  , #{boardLinkFlag, jdbcType=CHAR}
				  , #{boardTopComments, jdbcType=VARCHAR}
				  , #{boardFooterComments, jdbcType=VARCHAR}
				  , #{boardUserFlag, jdbcType=CHAR}
				  , #{boardPriority, jdbcType=NUMERIC}
				  , sysdate
				  , #{flag, jdbcType=CHAR}
				  , #{boardAuthList, jdbcType=NUMERIC}
				  , #{boardAuthRead, jdbcType=NUMERIC}
				  , #{boardAuthWrite, jdbcType=NUMERIC}
				  ,'N'
				  , #{viewComment, jdbcType=CHAR}
				  , #{boardCcode, jdbcType=VARCHAR}
				  , #{boardSecurityFlag, jdbcType=CHAR}
				  , #{mail, jdbcType=CHAR})
		]]>
	</insert>
	
	<update id="updateBoardInfo">
		
			UPDATE board_info
			<set>
				<if test="boardTitle != null"> board_title=#{boardTitle}</if>
				<if test="boardPageLine != null">, board_page_line=#{boardPageLine}</if>
				<if test="boardImageFlag != null">, board_image_flag=#{boardImageFlag}</if>
				<if test="boardFileFlag != null">, board_file_flag=#{boardFileFlag}</if>
				<if test="boardLinkFlag != null">, board_link_flag=#{boardLinkFlag}</if>
				<if test="boardTopComments != null">, board_top_comments=#{boardTopComments}</if>
				<if test="boardFooterComments != null">, board_footer_comments=#{boardFooterComments}</if>
				<if test="boardUserFlag != null">, board_user_flag=#{boardUserFlag}</if>
				<if test="boardPriority != null">, board_priority=#{boardPriority}</if>
				<if test="flag != null">, flag=#{flag}</if>
				<if test="boardAuthList != null">, board_auth_list=#{boardAuthList}</if>
				<if test="boardAuthRead != null">, board_auth_read=#{boardAuthRead}</if>
				<if test="boardAuthWrite != null">, board_auth_write=#{boardAuthWrite}</if>
				<if test="viewComment != null">, view_comment=#{viewComment}</if>
				<if test="boardCcode != null">, board_ccode=#{boardCcode}</if>
				<if test="boardSecurityFlag != null">, board_security_flag=#{boardSecurityFlag}</if>
			 	<if test="mail != null">, mail=#{mail}</if>
			</set>
		  
				WHERE board_id=#{boardId}
				
	</update>
	
	<update id="deleteBoardInfo">
		UPDATE board_info set del_flag='Y' WHERE board_id=#{boardId}
	</update>
<!-- 	<delete id="deleteBoardInfo"> -->
<!-- 		<![CDATA[ -->
<!-- 			DELETE FROM board_info  -->
<!-- 						WHERE board_id=#{boardId} -->
<!-- 				]]> -->
<!-- 	</delete> -->
	
	<select id="selectBoardInfo" resultMap="boardInfoVo" >
		<![CDATA[
			SELECT
			*
			FROM board_info
						WHERE board_id=#{boardId}
				]]>
	</select>
	
	<select id="selectBoardInfoList" parameterType="hashmap"  resultMap="boardInfoVo" >
			SELECT 
			a.* , b.board_cnt 			
			FROM board_info a
			left join( select board_id, count(list_id) as board_cnt from board_list where del_flag='N' group by board_id ) b 
			on a.board_id = b.board_id
			WHERE a.del_flag = 'N'
			ORDER BY 
			a.board_priority asc, a.board_id desc
				 
	</select>	
	<select id="selectBoardInfoListTotCnt" parameterType="hashmap"  resultType="int">
			SELECT COUNT(*) totcnt FROM board_info where del_flag = 'N'
		 
	</select>

</mapper>
