<?xml version="1.0" encoding="UTF-8"?>
<beans:beans xmlns="http://www.springframework.org/schema/mvc"
	xmlns:xsi="http://www.w3.org/2001/XMLSchema-instance"
	xmlns:beans="http://www.springframework.org/schema/beans"
	xmlns:aop="http://www.springframework.org/schema/aop"
	xmlns:tx="http://www.springframework.org/schema/tx"
	xmlns:p="http://www.springframework.org/schema/p"
	xmlns:cache="http://www.springframework.org/schema/cache"
	xsi:schemaLocation="http://www.springframework.org/schema/cache http://www.springframework.org/schema/cache/spring-cache-3.2.xsd
		http://www.springframework.org/schema/beans http://www.springframework.org/schema/beans/spring-beans.xsd
		http://www.springframework.org/schema/aop http://www.springframework.org/schema/aop/spring-aop-3.1.xsd
		http://www.springframework.org/schema/tx http://www.springframework.org/schema/tx/spring-tx-3.1.xsd">
		
<beans:bean id="jdbcProp" class="org.springframework.beans.factory.config.PropertyPlaceholderConfigurer">
<beans:property name="location" value="classpath:jdbc.properties" />
</beans:bean>

<beans:bean id="dataSourceSpied" class="org.apache.commons.dbcp.BasicDataSource" destroy-method="close">
<beans:property name="driverClassName" value="${jdbc.driver}" />
<beans:property name="url" value="${jdbc.url}" />
<beans:property name="username" value="${jdbc.username}" />
<beans:property name="password" value="${jdbc.password}" />
<!-- <beans:property name="validationQuery" value="select 1"/> -->
</beans:bean>
<beans:bean id="dataSource1" class="net.sf.log4jdbc.Log4jdbcProxyDataSource">
 <beans:constructor-arg ref="dataSourceSpied" />
 <beans:property name="logFormatter">
  <beans:bean class="net.sf.log4jdbc.tools.Log4JdbcCustomFormatter">
   <beans:property name="loggingType" value="MULTI_LINE" />
   <beans:property name="sqlPrefix" value="SQL:::" />
  </beans:bean>
 </beans:property>
</beans:bean> 

<beans:bean id="dataSourceSpied2" class="org.apache.commons.dbcp.BasicDataSource" destroy-method="close">
<beans:property name="driverClassName" value="${jdbc.driver2}" />
<beans:property name="url" value="${jdbc.url2}" />
<beans:property name="username" value="${jdbc.username2}" />
<beans:property name="password" value="${jdbc.password2}" /> 
</beans:bean>
<beans:bean id="dataSource2" class="net.sf.log4jdbc.Log4jdbcProxyDataSource" > 
 <beans:constructor-arg ref="dataSourceSpied2" />
 <beans:property name="logFormatter">
  <beans:bean class="net.sf.log4jdbc.tools.Log4JdbcCustomFormatter">
   <beans:property name="loggingType" value="MULTI_LINE" />
   <beans:property name="sqlPrefix" value="SQL:::" />
  </beans:bean>
 </beans:property>
</beans:bean> 
  
	
 <!-- AOP // page_cnn_cnt -->
<!--   <bean id="logCheckController" class="com.withus.aop.LogCheckController" /> -->
  
<!--   <aop:config> -->
<!-- 	<aop:pointcut id="publicmethod" expression="execution(public * com.withus..*.select*(..))" /> -->
<!--     <aop:aspect id="aopAspect" ref="logCheckController"> -->
<!--     <aop:before pointcut-ref="publicmethod" method="pageCnnCnt" /> -->
 
<!--     </aop:aspect> -->
<!--   </aop:config> -->
 
  
 
</beans:beans>