<?xml version="1.0" encoding="UTF-8"?>
<beans:beans xmlns="http://www.springframework.org/schema/mvc"
	xmlns:xsi="http://www.w3.org/2001/XMLSchema-instance"
	xmlns:beans="http://www.springframework.org/schema/beans"
	xmlns:aop="http://www.springframework.org/schema/aop"
	xmlns:tx="http://www.springframework.org/schema/tx"
	xmlns:p="http://www.springframework.org/schema/p"
	xmlns:cache="http://www.springframework.org/schema/cache"
	xmlns:util="http://www.springframework.org/schema/util"
	xsi:schemaLocation="http://www.springframework.org/schema/cache http://www.springframework.org/schema/cache/spring-cache-3.2.xsd
		http://www.springframework.org/schema/mvc http://www.springframework.org/schema/mvc/spring-mvc-3.2.xsd
		http://www.springframework.org/schema/beans http://www.springframework.org/schema/beans/spring-beans.xsd
		http://www.springframework.org/schema/aop http://www.springframework.org/schema/aop/spring-aop-3.1.xsd
		http://www.springframework.org/schema/tx http://www.springframework.org/schema/tx/spring-tx-3.1.xsd
		http://www.springframework.org/schema/util http://www.springframework.org/schema/util/spring-util-3.2.xsd">
		

<util:properties id="mailProp" location="classpath:mail.properties"/>

<beans:bean id="mailSender" class="org.springframework.mail.javamail.JavaMailSenderImpl" p:host="mail.withustech.com" p:defaultEncoding="UTF-8"/>

<!-- <beans:bean id="mailSender" class="org.springframework.mail.javamail.JavaMailSenderImpl"> -->
<!--      <beans:property name="host" value="#{mailProp['mail.host']}" /> -->
<!--      <beans:property name="username" value="#{mailProp['mail.username']}" /> -->
<!--      <beans:property name="defaultEncoding" value="#{mailProp['mail.defaultEncoding']}" /> -->

<!--      <beans:property name="javaMailProperties"> -->
<!--         <beans:props> -->
<!--             <beans:prop key="mail.transport.protocol">#{mailProp['mail.protocol']}</beans:prop> -->
<!--             <beans:prop key="mail.smtp.auth">true</beans:prop> -->
<!--             <beans:prop key="mail.smtp.starttls.enable">true</beans:prop> -->
<!--             <beans:prop key="mail.debug">true</beans:prop> -->
<!--         </beans:props> -->
<!--      </beans:property> -->
<!-- </beans:bean> -->

<beans:bean id="mailNotifier" class="com.withus.commons.mail.MailNotifier" p:mailSender-ref="mailSender" />
 
 
<!-- Spring mail configuration  <<gmail>>-->
<!-- <beans:bean id="mailSender" class="org.springframework.mail.javamail.JavaMailSenderImpl"> -->
<!--      <beans:property name="host" value="#{mailProp['mail.host']}" /> -->
<!--      <beans:property name="port" value="#{mailProp['mail.port']}" /> -->
<!--      <beans:property name="username" value="#{mailProp['mail.username']}" /> -->
<!--      <beans:property name="password" value="#{mailProp['mail.password']}" /> -->
<!--      <beans:property name="defaultEncoding" value="#{mailProp['mail.defaultEncoding']}" /> -->

<!--      <beans:property name="javaMailProperties"> -->
<!--         <beans:props> -->
<!--             <beans:prop key="mail.transport.protocol">#{mailProp['mail.protocol']}</beans:prop> -->
<!--             <beans:prop key="mail.smtp.auth">true</beans:prop> -->
<!--             <beans:prop key="mail.smtp.starttls.enable">true</beans:prop> -->
<!--             <beans:prop key="mail.debug">true</beans:prop> -->
<!--         </beans:props> -->
<!--      </beans:property> -->
<!-- </beans:bean> -->


<!-- <beans:bean id="mailProp" class="org.springframework.beans.factory.config.PropertyPlaceholderConfigurer"> -->
<!-- <beans:property name="location" value="classpath:mail.properties" /> -->
<!-- </beans:bean> --> 

<!-- <beans:bean id="mailSender" class="org.springframework.mail.javamail.JavaMailSenderImpl"> -->
<!--      <beans:property name="host" value="${mail.host}" /> -->
<!--      <beans:property name="port" value="${mail.port}" /> -->
<!--      <beans:property name="username" value="${mail.username}" /> -->
<!--      <beans:property name="password" value="${mail.password}" /> -->
<!--      <beans:property name="defaultEncoding" value="${mail.defaultEncoding}" /> -->

<!--      <beans:property name="javaMailProperties"> -->
<!--         <beans:props> -->
<!--             <beans:prop key="mail.transport.protocol">${mail.protocol}</beans:prop> -->
<!--             <beans:prop key="mail.smtp.auth">true</beans:prop> -->
<!--             <beans:prop key="mail.smtp.starttls.enable">true</beans:prop> -->
<!--             <beans:prop key="mail.debug">true</beans:prop> -->
<!--         </beans:props> -->
<!--      </beans:property> -->
<!-- </beans:bean> -->
  
 
</beans:beans>