<?xml version="1.0" encoding="UTF-8"?>
<beans xmlns="http://www.springframework.org/schema/beans" xmlns:xsi="http://www.w3.org/2001/XMLSchema-instance"
		xmlns:aop="http://www.springframework.org/schema/aop"
		xsi:schemaLocation="http://www.springframework.org/schema/beans http://www.springframework.org/schema/beans/spring-beans-3.0.xsd
							http://www.springframework.org/schema/aop http://www.springframework.org/schema/aop/spring-aop-3.0.xsd">
				
	<aop:aspectj-autoproxy proxy-target-class="false" />	
	<!-- <bean class="egovframework.com.ext.jfile.aspect.MultipartResolverDisablingAspect" /> -->
	
	<bean id="jfileDownload" class="com.ext.jfile.view.JfileDownloadView" />
	<bean id="jsonView" class="com.ext.jfile.view.JSonView" />
	
	<bean id="multipartResolver" class="org.springframework.web.multipart.commons.CommonsMultipartResolver"/>

	<bean id="cipherService" class="com.ext.jfile.security.service.CipherServiceImpl">
		<property name="jcrypto">
			<bean class="com.ext.jfile.security.GenericJCrypto"/>
		</property>
	</bean>
			
</beans>