<?xml version="1.0" encoding="UTF-8"?>
<beans:beans xmlns="http://www.springframework.org/schema/mvc"
	xmlns:xsi="http://www.w3.org/2001/XMLSchema-instance"
	xmlns:beans="http://www.springframework.org/schema/beans" xmlns:util="http://www.springframework.org/schema/util"
    xmlns:context="http://www.springframework.org/schema/context" xmlns:p="http://www.springframework.org/schema/p"
    xsi:schemaLocation="http://www.springframework.org/schema/beans http://www.springframework.org/schema/beans/spring-beans-3.1.xsd
        http://www.springframework.org/schema/util http://www.springframework.org/schema/util/spring-util-3.1.xsd
        http://www.springframework.org/schema/context http://www.springframework.org/schema/context/spring-context-3.1.xsd">

    <beans:bean id="sqlSessionFactory1" class="org.mybatis.spring.SqlSessionFactoryBean">
        <beans:property name="dataSource" ref="dataSource1" />
        <beans:property name="configLocation" value="classpath:config/spring/context/mybatis-config-base.xml" />
        <beans:property name="mapperLocations">
            <beans:list>
                <beans:value>classpath*:com/withus/**/dao/*Mapper.xml</beans:value>
                <beans:value>classpath*:com/ext/**/impl/*DAO.xml</beans:value>
            </beans:list>
        </beans:property>
    </beans:bean>
    
     <beans:bean id="sqlSessionFactory2" class="org.mybatis.spring.SqlSessionFactoryBean">
        <beans:property name="dataSource" ref="dataSource2" />
        <beans:property name="configLocation" value="classpath:config/spring/context/mybatis-config-base.xml" />
        <beans:property name="mapperLocations">
            <beans:list>
                <beans:value>classpath*:com/old/**/dao/*Mapper.xml</beans:value>
            </beans:list>
        </beans:property>
    </beans:bean>

    <!-- scan for mappers and let them be autowired -->
    <beans:bean id="scanner1" class="org.mybatis.spring.mapper.MapperScannerConfigurer">
        <beans:property name="basePackage" value="com.withus.*, com.ext.jfile.*" />
        <beans:property name="annotationClass" value="org.springframework.stereotype.Repository"/>
        <beans:property name="sqlSessionFactoryBeanName" value="sqlSessionFactory1"/>
    </beans:bean>
    
     <beans:bean id="scanner2" class="org.mybatis.spring.mapper.MapperScannerConfigurer">
        <beans:property name="basePackage" value="com.old.*" />
        <beans:property name="annotationClass" value="org.springframework.stereotype.Repository"/>
        <beans:property name="sqlSessionFactoryBeanName" value="sqlSessionFactory2"/>
    </beans:bean>
    

</beans:beans>