<?xml version="1.0" encoding="UTF-8"?>
<!DOCTYPE mapper PUBLIC "-//mybatis.org//DTD Mapper 3.0//EN" "http://mybatis.org/dtd/mybatis-3-mapper.dtd">
<mapper namespace="com.withus.tr.dao.TrMapper">
<resultMap id="trVo" type="com.withus.tr.dao.TrVO">
<result property="trId" column="tr_id" />
<result property="docId" column="doc_id" />
<result property="docName" column="doc_name" />
<result property="state" column="state" />
<result property="bodyPageNum" column="body_page_num" />
<result property="totalPageNum" column="total_page_num" />
<result property="regDate" column="reg_date" />
<result property="modDate" column="mod_date" />
<result property="appDate" column="app_date" />
<result property="userId" column="user_id" />
<result property="deptCd" column="dept_cd" />
<result property="deleteFlag" column="delete_flag" />
<result property="jfile" column="jfile" />
<result property="cowriter" column="cowriter" />
<result property="reviewer" column="reviewer" />
<result property="approver" column="approver" />
<result property="contents" column="contents" />
<result property="year" column="year" />
<result property="userDept" column="user_dept" />
<result property="edmsDocId" column="edms_doc_id" />
<result property="stat" column="stat" />
<result property="dept_cd_" column="dept_cd_" />
<result property="name" column="name" />
<result property="owner" column="owner" />
<result property="hAppDate" column="h_App_Date" />
<result property="cowriterDate" column="cowriter_date" />
<result property="reviewerDate" column="reviewer_date" />
<result property="approverDate" column="approver_date" />
		
</resultMap>


<insert id="insertTr" >
 INSERT INTO TB_TR_INFO
 (
 	tr_id
 	,doc_id
 	,doc_name
 	,state
 	,body_page_num
 	,total_page_num
 	,reg_date
 	,mod_date
 	,h_app_date
 	,user_id
 	,dept_cd
 	,delete_flag
 	,jfile
 	,cowriter
 	,reviewer
 	,approver
 	,contents
 	,year
 	,user_dept
 	,edms_doc_id
 	,name 
 )
 VALUES(
 	'TR'||LPAD(TR_SEQ.NEXTVAL,8,0)
 	,#{docId, jdbcType=VARCHAR}
 	,#{docName, jdbcType=VARCHAR}
 	,#{state, jdbcType=VARCHAR}
 	,#{bodyPageNum, jdbcType=VARCHAR}
 	,#{totalPageNum, jdbcType=VARCHAR}
 	,sysdate
 	,#{modDate, jdbcType=DATE}
 	,#{hAppDate, jdbcType=DATE}
 	,#{userId, jdbcType=VARCHAR}
 	,#{deptCd, jdbcType=VARCHAR}
 	,'N'
 	,#{jfile, jdbcType=VARCHAR}
 	,#{cowriter, jdbcType=VARCHAR}
 	,#{reviewer, jdbcType=VARCHAR}
 	,#{approver, jdbcType=VARCHAR}
 	,#{contents, jdbcType=CLOB}
 	,#{year, jdbcType=NUMERIC}
 	,#{userDept, jdbcType=VARCHAR}
 	,#{edmsDocId, jdbcType=VARCHAR}
 	,#{name, jdbcType=VARCHAR}
 )
 
  <selectKey keyProperty="trId" resultType="String" order="AFTER">  

       SELECT 'TR'||LPAD(TR_SEQ.CURRVAL ,8,0) as tr_id from dual
   </selectKey> 
      
</insert>

<select id="selectTrTotCnt" parameterType="hashmap" resultType="int">
	SELECT COUNT(*) totcnt
	FROM TB_TR_INFO WHERE 1=1 AND DELETE_FLAG='N'
	<if test="searchWord != null and searchWord != ''  ">
		<![CDATA[	UPPER(and doc_name) LIKE '%'||UPPER(#{searchWord})||'%'  ]]>
	</if> 
	<if test=" docName != null and  docName != ''  ">
		<![CDATA[	and UPPER(doc_name) LIKE '%'||UPPER(#{ docName})||'%'  ]]>
	</if>
	<if test=" docId != null and  docId != ''  ">
		<![CDATA[	and UPPER(doc_id) LIKE '%'||UPPER(#{ docId})||'%'  ]]>
	</if>
	<if test=" deptCd != null and  deptCd != ''  ">
		<![CDATA[	and dept_cd  = #{deptCd}  ]]>
	</if>
	<if test="datepicker != null and datepicker != '' and datepicker2 != null and datepicker2 != '' ">
		<![CDATA[ and REG_DATE BETWEEN  to_date('${datepicker}','YYYY-MM-DD') and to_date('${datepicker2}','YYYY-MM-DD') ]]> 
	</if>
	<if test="datepicker != null and datepicker != '' and( datepicker2 == null or datepicker2 == '')">
		<![CDATA[and REG_DATE BETWEEN  to_date('${datepicker}','YYYY-MM-DD') and to_date(sysdate) ]]> 
	</if>
	<if test=" userDept != null and  userDept != ''  ">
		<![CDATA[	and user_dept  = #{userDept}  ]]>
	</if>
	<if test=" state != null and  state != ''  ">
			<![CDATA[	and state = #{state} ]]>
			</if>
	<if test=" name != null and  name != ''  ">
			<![CDATA[	and UPPER(name) like '%'||UPPER(#{ name})||'%' ]]>
			</if>	
	
</select>

<select id="selectTr" parameterType="hashmap"  resultMap="trVo">
	         SELECT * FROM ( SELECT TB.*, rownum rn FROM ( 
	         SELECT TB_TR_INFO.*
            ,(SELECT ctitle FROM CATEGORY WHERE ctype = 'T' AND CINFO ='A' AND MEMO = TB_TR_INFO.STATE)AS stat
	        ,(SELECT ctitle FROM category WHERE ctype = 'B' AND CINFO ='A'  AND MEMO = TB_TR_INFO.DEPT_CD) AS DEPT_CD_	        
	         
	        ,
	        CASE  TB_TR_INFO.STATE 
		 		WHEN 'R' THEN TB_TR_INFO.name 		 		
		        WHEN 'R000' THEN TB_TR_INFO.cowriter
		        WHEN 'R002' THEN TB_TR_INFO.cowriter
		        WHEN 'R003' THEN TB_TR_INFO.cowriter
		        WHEN 'R004' THEN TB_TR_INFO.cowriter		        
		        WHEN 'A002' THEN TB_TR_INFO.cowriter
		        WHEN 'A003' THEN TB_TR_INFO.reviewer
		        WHEN 'A004' THEN TB_TR_INFO.approver
		        ELSE  ' '
		     END AS owner  
	        FROM TB_TR_INFO WHERE 1=1 and DELETE_FLAG='N'
	        <if test=" docName != null and  docName != ''  ">
				<![CDATA[	and UPPER(doc_name) LIKE '%'||UPPER(#{ docName})||'%'  ]]>
			</if>
			<if test=" docId != null and  docId != ''  ">
				<![CDATA[	and UPPER(doc_id) LIKE '%'||UPPER(#{ docId})||'%'  ]]>
			</if>
			<if test=" deptCd != null and  deptCd != ''  ">
				<![CDATA[	and dept_cd  = #{deptCd}  ]]>
			</if>
			<if test="datepicker != null and datepicker != '' and datepicker2 != null and datepicker2 != '' ">
				<![CDATA[ and REG_DATE BETWEEN  to_date('${datepicker}','YYYY-MM-DD') and to_date('${datepicker2}','YYYY-MM-DD') ]]> 
			</if>
			<if test="datepicker != null and datepicker != '' and( datepicker2 == null or datepicker2 == '')">
				<![CDATA[and REG_DATE BETWEEN  to_date('${datepicker}','YYYY-MM-DD') and to_date(sysdate) ]]> 
			</if>
			<if test=" userDept != null and  userDept != ''  ">
				<![CDATA[	and user_dept  = #{userDept}  ]]>
			</if>
			<if test=" name != null and  name != ''  ">
			<![CDATA[	and UPPER(name) like '%'||UPPER(#{ name})||'%' ]]>
			</if>	
	     	<if test=" state != null and  state != ''  ">
			<![CDATA[	and state = #{state} ]]>
			</if>
	         ORDER BY
			<if test="sortField != null and sortField != '' and( sortOrder != null and sortOrder != '')">
	         <foreach collection="sortList" item="item" separator=" , ">
             UPPER( ${item.sortField}) ${item.sortOrder}
        	</foreach>
	         </if>
	         <if test="sortField == null or sortField == '' or sortOrder == null or sortOrder == '' ">
	         reg_date DESC 
	         </if>
	         ) TB ) WHERE rn BETWEEN ${end} + 1 AND ${end} + ${start} 
	         ORDER BY
	         <if test="sortField != null and sortField != '' and( sortOrder != null and sortOrder != '')">
	          <foreach collection="sortList" item="item" separator=" , ">
             UPPER( ${item.sortField}) ${item.sortOrder}
        	  </foreach>
	         </if>
	         <if test="sortField == null or sortField == '' or sortOrder == null or sortOrder == '' ">
	         reg_date DESC 
	         </if>
	          
	</select>

<select id = "getTr" parameterType="hashmap" resultMap="trVo">
	<![CDATA[
	 SELECT * FROM TB_TR_INFO
			where tr_id=#{trId} AND DELETE_FLAG='N'
		]]>	
	</select>
	
<select id = "getTrDocId" parameterType="hashmap" resultMap="trVo">
	<![CDATA[
	 SELECT * FROM TB_TR_INFO
			where doc_id=#{docId} AND DELETE_FLAG='N'
		]]>	
	</select>	
	
	

<update id="updateTr">
update TB_TR_INFO
<set>
<if test="docId != null"> doc_id=#{docId, jdbcType=VARCHAR},</if>
<if test="docName != null"> doc_name=#{docName, jdbcType=VARCHAR},</if>
<if test="state != null"> state=#{state, jdbcType=VARCHAR },</if>
<if test="bodyPageNum != null"> body_page_num=#{bodyPageNum, jdbcType=NUMERIC},</if>
<if test="totalPageNum != null"> total_page_num=#{totalPageNum, jdbcType=NUMERIC},</if>
mod_date=sysdate,
<if test="hAppDate != null"> h_app_date=#{hAppDate, jdbcType=DATE},</if>
<if test="userId != null"> user_id=#{userId, jdbcType=VARCHAR},</if>
<if test="deptCd != null"> dept_cd=#{deptCd, jdbcType=VARCHAR},</if>
<if test="jfile != null"> jfile=#{jfile, jdbcType=VARCHAR},</if>
<if test="cowriter != null"> cowriter=#{cowriter, jdbcType=VARCHAR},</if>
<if test="reviewer != null"> reviewer=#{reviewer, jdbcType=VARCHAR},</if>
<if test="approver != null"> approver=#{approver, jdbcType=VARCHAR},</if>
<if test="contents != null"> contents=#{contents, jdbcType=CLOB},</if>
<if test="year != null"> year=#{year, jdbcType=NUMERIC},</if>
<if test="state == 'A003' "> cowriter_date=sysdate,</if>
<if test="state == 'A004' "> reviewer_date=sysdate,</if>
<if test="state == 'S002' "> approver_date=sysdate, app_date=sysdate,</if>
</set>
where tr_id = #{trId} and DELETE_FLAG='N'
</update>

	<delete id="deleteTr" >
		UPDATE TB_TR_INFO
		<set>
		DELETE_FLAG = 'Y'
		</set>
		WHERE tr_id = #{trId} and DELETE_FLAG='N'
	</delete>




<select id="pandingTrTotCnt" parameterType="hashmap" resultType="int">
	SELECT COUNT(*) totcnt
	FROM TB_TR_INFO WHERE 1=1 AND DELETE_FLAG='N'
	 <if test=" userId != null and  userId != ''  ">
	and (
	    (    name = #{userId} and (state = 'R' or state = 'R000'  or state = 'R002'  or state = 'R003' or state = 'R004'  ))
	 or (cowriter = #{userId} and (state = 'A002')) 
	 or (reviewer = #{userId} and (state = 'A003'))
	 or (approver = #{userId} and (state = 'A004'))
	) 
	</if>	
	<if test="searchWord != null and searchWord != '' and searchFild != null and searchFild != ''">
		<![CDATA[ and ( UPPER(${searchFild})  LIKE '%' ||UPPER(#{searchWord}) ||'%' )  ]]>
	 </if>
 
	
</select>

<select id="pandingTr" parameterType="hashmap"  resultMap="trVo">
	         SELECT * FROM ( SELECT TB.*, rownum rn FROM ( 
	         SELECT TB_TR_INFO.*
            ,(SELECT ctitle FROM CATEGORY WHERE ctype = 'T' AND CINFO ='A' AND MEMO = TB_TR_INFO.STATE) AS stat
	        ,(SELECT ctitle FROM category WHERE ctype = 'B' AND CINFO ='A'  AND MEMO = TB_TR_INFO.DEPT_CD) AS DEPT_CD_	        
	         
	        FROM TB_TR_INFO WHERE 1=1 and DELETE_FLAG='N'
	        <if test=" userId != null and  userId != ''  ">
			and (
			    (    name = #{userId} and (state = 'R' or state = 'R000'  or state = 'R002'  or state = 'R003' or state = 'R004'  ))
			 or (cowriter = #{userId} and (state = 'A002')) 
			 or (reviewer = #{userId} and (state = 'A003'))
			 or (approver = #{userId} and (state = 'A004'))
			) 
			</if>	
			<if test="searchWord != null and searchWord != '' and searchFild != null and searchFild != ''">
				<![CDATA[ and ( UPPER(${searchFild})  LIKE '%' ||UPPER(#{searchWord}) ||'%' )  ]]>
			 </if>
	     
	         <if test="sortField != null and sortField != '' and( sortOrder != null and sortOrder != '')">
	         ORDER by UPPER(${sortField}) ${sortOrder}
	        </if>
	        <if test="sortField == null or sortField == '' or sortOrder == null or sortOrder == '' ">
	        ORDER by reg_date DESC 
	        </if>
	        
	         ) TB ) WHERE rn BETWEEN ${end} + 1 AND ${end} + ${start} 
	          <if test="sortField != null and sortField != '' and( sortOrder != null and sortOrder != '')">
	         ORDER by UPPER(${sortField}) ${sortOrder}
	         </if>
	         <if test="sortField == null or sortField == '' or sortOrder == null or sortOrder == '' ">
	          ORDER by reg_date DESC 
	         </if>
	          
	</select>


<select id="processedTrTotCnt" parameterType="hashmap" resultType="int">
	SELECT COUNT(*) totcnt
	FROM TB_TR_INFO WHERE 1=1 AND DELETE_FLAG='N'
	 <if test=" userId != null and  userId != ''  ">
	and (
			    (    name = #{userId} )
			 or (cowriter = #{userId} ) 
			 or (reviewer = #{userId} )
			 or (approver = #{userId} )
			) 
             and (state = 'S002')
	</if>	
	<if test="searchWord != null and searchWord != '' and searchFild != null and searchFild != ''">
		<![CDATA[ and ( UPPER(${searchFild})  LIKE '%' ||UPPER(#{searchWord}) ||'%' )  ]]>
	 </if>
 
	
</select>

<select id="processedTr" parameterType="hashmap"  resultMap="trVo">
	         SELECT * FROM ( SELECT TB.*, rownum rn FROM ( 
	         SELECT TB_TR_INFO.*
            ,(SELECT ctitle FROM CATEGORY WHERE ctype = 'T' AND CINFO ='A' AND MEMO = TB_TR_INFO.STATE)AS stat
	        ,(SELECT ctitle FROM category WHERE ctype = 'B' AND CINFO ='A'  AND MEMO = TB_TR_INFO.DEPT_CD) AS DEPT_CD_	        
	         
	        FROM TB_TR_INFO WHERE 1=1 and DELETE_FLAG='N'
	        <if test=" userId != null and  userId != ''  ">
			and (
			    ( name    = #{userId} )
			 or (cowriter = #{userId} ) 
			 or (reviewer = #{userId} )
			 or (approver = #{userId} )
			) 
             and (state = 'S002')
			</if>	
			<if test="searchWord != null and searchWord != '' and searchFild != null and searchFild != ''">
				<![CDATA[ and ( UPPER(${searchFild})  LIKE '%' ||UPPER(#{searchWord}) ||'%' )  ]]>
			 </if>
	     
	         <if test="sortField != null and sortField != '' and( sortOrder != null and sortOrder != '')">
	         ORDER by UPPER(${sortField}) ${sortOrder}
	        </if>
	        <if test="sortField == null or sortField == '' or sortOrder == null or sortOrder == '' ">
	        ORDER by reg_date DESC 
	        </if>
	        
	         ) TB ) WHERE rn BETWEEN ${end} + 1 AND ${end} + ${start} 
	          <if test="sortField != null and sortField != '' and( sortOrder != null and sortOrder != '')">
	         ORDER by UPPER(${sortField}) ${sortOrder}
	         </if>
	         <if test="sortField == null or sortField == '' or sortOrder == null or sortOrder == '' ">
	          ORDER by reg_date DESC 
	         </if>
	          
	</select>
	
<select id="lastNumberCheck" parameterType="hashmap" resultType="String">
		SELECT MAX(SUBSTR(doc_id,-3))AS DOC_ID FROM tb_tr_info WHERE 1=1 
		<if test="docId != null">
		<![CDATA[	AND doc_id LIKE '%'||#{docId}||'%'  ]]>
		</if> 
	</select>







</mapper>