<?xml version="1.0" encoding="UTF-8"?>
<!DOCTYPE mapper PUBLIC "-//mybatis.org//DTD Mapper 3.0//EN" "http://mybatis.org/dtd/mybatis-3-mapper.dtd"> 
<mapper namespace="com.withus.logo.dao.LogoMapper">
	
	
	<resultMap id="logo" type="com.withus.logo.dao.LogoVO">
		<result property="seq" column="seq" />
		<result property="topLogo" column="top_logo" />
		<result property="topLogoExt" column="top_logo_ext" />
		<result property="footerLogo" column="footer_logo" />
		<result property="footerLogoExt" column="footer_logo_ext" />
		<result property="wdate" column="wdate" />
		<result property="mediaLogo" column="media_logo" />
		<result property="mediaLogoExt" column="media_logo_ext" />
		<result property="playLogo" column="play_logo" />
		<result property="playPos" column="play_pos" />
		<result property="opacity" column="opacity" />
		<result property="topLogoUrl" column="top_logo_url" />
		<result property="topLogoText" column="top_logo_text" />
		<result property="topLogoUse" column="top_logo_use" />
		<result property="footAddress" column="foot_address" />
		<result property="copyright" column="copyright" />
		
		<result property="skinPath" column="skin_path" />
		<result property="skinColor" column="skin_color" />
		<result property="newVideoLimit" column="new_video_limit" />
		<result property="boardLimit" column="board_limit" />
		
	</resultMap>
	 
	
	<update id="updateLogo">
		 
			UPDATE logo
			<set>
			<if test="topLogo != null">top_logo=#{topLogo},top_logo_ext=#{topLogoExt},</if>
			<if test="footerLogo != null">footer_logo=#{footerLogo},footer_logo_ext=#{footerLogoExt},</if>
			<if test="wdate != null">wdate=#{wdate}</if>
			<if test="mediaLogo != null">media_logo=#{mediaLogo},media_logo_ext=#{mediaLogoExt},</if>
			<if test="playLogo != null">play_logo=#{playLogo},</if>
			<if test="playPos != null">play_pos=#{playPos},</if>
			<if test="opacity != null">opacity=#{opacity},</if>
			<if test="topLogoUrl != null">top_logo_url=#{topLogoUrl},</if>
			<if test="topLogoText != null">top_logo_text=#{topLogoText},</if>
			<if test="topLogoUse != null">top_logo_use=#{topLogoUse},</if> 
			<if test="footAddress != null">foot_address=#{footAddress},</if> 
			<if test="copyright != null">copyright=#{copyright},</if> 
			
			<if test="newVideoLimit != null">new_video_limit=#{newVideoLimit},</if> 
			<if test="boardLimit != null">board_limit=#{boardLimit}</if> 
			
			</set>
		 
	</update>
	 
	
	<update id="updateSkin">
		 
			UPDATE logo
			<set> 
			<if test="skinPath != null">skin_path=#{skinPath},</if> 
			<if test="skinColor != null">skin_color=#{skinColor},</if> 
			<if test="newVideoLimit != null">new_video_limit=#{newVideoLimit},</if> 
			<if test="boardLimit != null">board_limit=#{boardLimit}</if> 
			</set>
		 
	</update>
	
	<select id="selectLogo" resultMap="logo">
		<![CDATA[
			SELECT
				*
			FROM logo
			]]>
	</select>
	 
</mapper>
