<?xml version="1.0" encoding="UTF-8"?>
<!DOCTYPE mapper PUBLIC "-//mybatis.org//DTD Mapper 3.0//EN" "http://mybatis.org/dtd/mybatis-3-mapper.dtd">
<mapper namespace="com.withus.calHistory.dao.CalHistoryMapper"> 
 
	<resultMap id="calHistory" type="com.withus.calHistory.dao.CalHistoryVO">
		<result property="seq" column="seq" />
		<result property="calnoteId" column="calnote_id" />
		<result property="userId" column="user_id" />
		<result property="state" column="state" />
		<result property="stateName" column="state_name" />
		<result property="regDate" column="reg_date" />
		<result property="comments" column="comments" />
	</resultMap>
	<insert id="insertCalHistory">
<!-- 	<selectKey keyProperty="state" resultType="String" order="BEFORE">  -->
<!-- 	SELECT state FROM TB_CALNOTE_INFO WHERE CALNOTE_ID=#{calnoteId} -->
<!-- 	</selectKey> -->
		<![CDATA[
			INSERT INTO calnote_history 
				(  seq
				  , calnote_id
				  , user_id
				  , state
				  , reg_date
				  , comments
				  )
			VALUES (HTR_SEQ.NEXTVAL
				  ,#{calnoteId}
				  ,#{userId}
				  ,#{state, jdbcType=VARCHAR}
				  ,sysdate
				  ,#{comments, jdbcType=VARCHAR})
		]]>
		

	</insert>
	<select id="selectCalHistoryListTotCnt" parameterType="hashmap" resultType="int">
			SELECT COUNT(*) totcnt
			FROM calnote_history
			WHERE 1=1 
			<if test="calnoteId != null and calnoteId != ''">
				and calnote_id = #{calnoteId} 
			</if>
			 
	</select>
	<select id="selectCalHistoryList" parameterType="hashmap" resultMap="calHistory">
	SELECT * FROM ( SELECT TB.*, rownum rn  FROM (
			SELECT calnote_id,user_id, reg_date, comments ,state,
			
 			(SELECT ctitle FROM CATEGORY WHERE ctype = #{ctype} AND CINFO ='A' AND MEMO = calnote_history.STATE ) AS state_name 
			 FROM calnote_history
			WHERE 1=1
			 <if test="calnoteId != null and calnoteId != ''">
				and calnote_id = #{calnoteId} 
			</if>
			 order by reg_date desc 
			 )  TB ) WHERE rn BETWEEN ${end} + 1 AND ${end} + ${start}
	         <!-- limit ${start} offset ${end}		 -->
	</select>	
	
	<select id="selectCalHistoryListAll" parameterType="hashmap" resultMap="calHistory">
 
			SELECT calnote_id,user_id, reg_date, comments ,state,
			
 			(SELECT ctitle FROM CATEGORY WHERE ctype = #{ctype} AND CINFO ='A' AND MEMO = calnote_history.STATE ) AS state_name 
			 FROM calnote_history
			WHERE 1=1
			 <if test="calnoteId != null and calnoteId != ''">
				and calnote_id = #{calnoteId} 
			</if>
			 order by reg_date desc 
			 
	</select>	
	
	
</mapper>
