<?xml version="1.0" encoding="UTF-8" ?>
<!DOCTYPE mapper
PUBLIC "-//mybatis.org//DTD Mapper 3.0//EN"
"http://mybatis.org/dtd/mybatis-3-mapper.dtd">
<mapper namespace="com.withus.checklist.dao.CheckListMapper">





	<resultMap id="checklistMap" type="com.withus.checklist.dao.CheckListVO">
		<result property="DESCRIPTION" column="DESCRIPTION" jdbcType="CLOB" javaType="java.lang.String"/>
		<result property="NO" column="NO" />
		<result property="SEQ" column="SEQ" />
	</resultMap>
	
<select id="checklist_item" parameterType="hashmap" resultMap="checklistMap">
	SELECT SEQ, CHECK_TYPE, NO, DESCRIPTION from checklist_item 
	 WHERE check_type = #{check_type, jdbcType=VARCHAR} 
	<if test=" user != null and  user != ''  ">
			and description is not null
			</if>
	 order by no asc
</select>

<update id="check_list_update" parameterType="map">
	update  checklist_item set
	NO=#{no, jdbcType=VARCHAR}, DESCRIPTION=#{description, jdbcType=VARCHAR} 
 
	WHERE check_type = #{check_type} and seq=#{seq} 
</update> 

</mapper>