<?xml version="1.0" encoding="UTF-8"?>
<!DOCTYPE mapper PUBLIC "-//mybatis.org//DTD Mapper 3.0//EN" "http://mybatis.org/dtd/mybatis-3-mapper.dtd">
<mapper namespace="com.withus.category.dao.CategoryMapper"> 
	
	<resultMap id="category" type="com.withus.category.dao.CategoryVO">
		<result property="cuid" column="cuid" />
		<result property="ctype" column="ctype" />
		<result property="ccode" column="ccode" />
		<result property="cparentCode" column="cparent_code" />
		<result property="ctitle" column="ctitle" />
		<result property="clevel" column="clevel" />
		<result property="cinfo" column="cinfo" />
		<result property="delFlag" column="del_flag" />
		<result property="openflag" column="openflag" />
		<result property="memo" column="memo" />
		<result property="flag2" column="flag2" />
	</resultMap>
	
	<insert id="insertCategory">
		<![CDATA[
			INSERT INTO category 
				( cuid
				  , ctype
				  , ccode
				  , cparent_code
				  , ctitle
				  , clevel
				  , cinfo
				 
				  , openflag
				  , memo
				  , flag2 )
			VALUES (CATEGORY_SEQ.nextval
			      ,#{ctype, jdbcType=NUMERIC}
				  ,#{ccode, jdbcType=VARCHAR}
				  ,#{cparentCode, jdbcType=VARCHAR}
				  ,#{ctitle, jdbcType=VARCHAR}
				  ,#{clevel, jdbcType=NUMERIC}
				  ,#{cinfo, jdbcType=CHAR}
				  
				  ,#{openflag, jdbcType=CHAR}
				  ,#{memo, jdbcType=VARCHAR}
				  ,#{flag2, jdbcType=CHAR} )
		]]>
	</insert>
	
	<update id="updateCategory">
 
		UPDATE category
		<set>
		<if test="ctitle != null and ctitle != '' "> ctitle = #{ctitle}</if>
		<if test="clevel != null and clevel != '' "> , clevel=#{clevel}</if>
		<if test="openflag != null and openflag != '' "> , openflag=#{openflag}</if> 
		<if test="delFlag != null and delFlag != '' "> , del_flag=#{delFlag}</if> 
		<if test="memo != null and memo != '' "> , memo=#{memo}</if> 
		<if test="flag2 != null and flag2 != '' "> , flag2=#{flag2}</if> 
 
<!-- 					ctype=#{ctype} -->
<!-- 				, ccode=#{ccode} -->
<!-- 				, cparent_code=#{cparentCode} -->
<!-- 				, cinfo=#{cinfo} -->
			</set>
 
				where cuid=#{cuid}
 
	</update>
	
	<update id="deleteCategory" >
		<![CDATA[
			UPDATE category
			SET
			 del_flag = 'Y'
			 where cuid=#{cuid} 
			]]>
	</update>
	
<!-- 	<delete id="deleteCategory" > -->
<!-- 		<![CDATA[ -->
<!-- 			DELETE FROM category where cuid=#{cuid}  -->
<!-- 			]]> -->
<!-- 	</delete> -->
	
	<select id="selectCategory" resultMap="category" parameterType="int">
		<![CDATA[
			SELECT * FROM category
			where cuid=#{cuid} and del_flag='N'
			]]>
	</select>
	
	<select id="selectCategoryList" parameterType="hashmap" resultMap="category">
			SELECT * FROM category
			WHERE 1=1
			<if test="searchWord != null and searchWord != '' and searchFild != null and searchFild != '' ">
				<![CDATA[ and ( #{searchFild} LIKE CONCAT('%',#{searchWord},'%')  ) ]]>
			</if> 
			AND ctype=#{ctype} and del_flag='N'
				ORDER BY ccode
				 
	</select>	
	<select id="selectCategoryListTotCnt" parameterType="hashmap" resultType="int">
			SELECT COUNT(*) totcnt
			FROM category
			WHERE 1=1
			<if test="searchWord != null and searchWord != '' and searchFild != null and searchFild != '' ">
			<![CDATA[	and ( #{searchFild} LIKE CONCAT('%',#{searchWord},'%')  ) ]]>
			</if> 
			AND ctype=#{ctype} and del_flag='N'
	</select>
	
	<select id="selectCategoryList_child" parameterType="hashmap" resultMap="category">
 
			SELECT * FROM category WHERE cparent_code=#{cparentCode} AND ctype=#{ctype} and del_flag='N'
			ORDER BY ccode 
	</select>
	
	<select id="selectOneCategory" parameterType="String" resultMap="category">
SELECT * FROM ( SELECT TB.*, rownum rn  FROM (
		SELECT * FROM category 
		<where>
		del_flag='N'
		<if test="ccode != null and ccode != '' "> and ccode = #{ccode}</if>
		<if test="ctype != null and ctype != '' "> and ctype=#{ctype}</if>
		<if test="cinfo != null and cinfo != '' "> and cinfo=#{cinfo}</if> 
		
		</where>
		ORDER BY ccode DESC
		)  TB ) WHERE rn BETWEEN 0 AND 1
		<!--  limit 0,1 -->
	</select>
	
 	
	<select id="getCateNm" parameterType="hashmap" resultType="String">
		SELECT ctitle
		FROM category
		WHERE ccode = #{ccode} and ctype=#{ctype} and del_flag='N'
	</select>
	
	<select id="getDeptCode" parameterType="hashmap" resultType="String">
	  select listagg(memo,',') within group (order by memo) as memo from category
	  WHERE cinfo = #{cinfo} and ctype=#{ctype} and del_flag='N'
	 <if test=" ctitle != null and  ctitle != ''  ">
			<![CDATA[	and ctitle LIKE '%'||#{ ctitle}||'%'  ]]>
			</if> 	
	</select>
	
	<select id="selectCategoryList_cinfo" parameterType="hashmap" resultMap="category">
		SELECT * FROM category 
		WHERE
		del_flag ='N'
		and ccode like '${ccode}%' 
		and cinfo=#{cinfo} 
		AND ctype=#{ctype} 
	 
		ORDER BY clevel,ccode ,ctitle 
	</select>
	
	<select id="selectCategoryList_open" parameterType="hashmap" resultMap="category">
		SELECT * FROM category 
		WHERE
		del_flag ='N'
		and openflag='Y'
		and ccode like '${ccode}%' 
		and cinfo=#{cinfo} 
		AND ctype=#{ctype} 
	 
		ORDER BY clevel,ccode ,ctitle 
	</select>
	
	
	<select id="selectCategoryList_Menu" parameterType="hashmap" resultMap="category">
		SELECT * FROM category 
		WHERE
		del_flag ='N' 
		and cinfo=#{cinfo} 
		AND ctype='M'
		and openflag='Y'
		ORDER BY clevel,ccode ,ctitle 
	</select>
	
	
	<select id="selectCategoryList_Count" parameterType="hashmap" resultMap="category">
		SELECT c.ctitle, c.ccode, c.cinfo, c.cparent_code, (SELECT COUNT(ocode) FROM vod_media  a WHERE a.ccode=c.ccode and a.openflag='Y' and a.del_flag='N') AS memo  FROM category c
		WHERE c.del_flag ='N'
		and c.ccode like '${ccode}%' 
		and c.cinfo=#{cinfo} 
		AND c.ctype=#{ctype} 	 
		AND c.openflag='Y'
		ORDER BY clevel,ccode ,ctitle 
	</select>
	
	
	<select id="getMenuNm" parameterType="hashmap" resultType="String">
		SELECT ctitle
		FROM category
		WHERE ccode = #{ccode} and ctype='M' and del_flag='N'
	</select>
	
	<select id="getMenuCode" parameterType="hashmap" resultType="String">
	SELECT * FROM ( SELECT  TB.*, rownum rn FROM (
		SELECT ccode
		FROM category
		WHERE ctype='M' and del_flag='N'
		<![CDATA[ and ( memo LIKE CONCAT('%selectCode=',#{selectCode},'%')  ) ]]>
		<![CDATA[ and ( memo LIKE CONCAT('%menuCode=',#{menuCode},'%')  ) ]]>
		<![CDATA[ and memo not like '%boardId%' ]]> 
		<if test="flag2 != null and flag2 != '' ">
		and flag2=#{flag2}
		</if> 
		order by cinfo desc
		)  TB ) WHERE rn BETWEEN 0 AND 1
		<!-- limit 0,1 -->
	</select>
	
		<select id="getMenuCode2" parameterType="hashmap" resultType="String">
		SELECT * FROM ( SELECT  TB.*, rownum rn FROM (
		SELECT ccode
		FROM category
		WHERE ctype='M' and del_flag='N' 
		<if test="selectCode != null and selectCode != '' ">
		<![CDATA[	and ( memo LIKE '%selectCode='||#{selectCode}||'%'  ) ]]>
		</if>
		<![CDATA[	and ( memo LIKE '%menuCode='||#{menuCode}||'%'  ) ]]>
		<![CDATA[	and ( memo LIKE '%boardId='||#{boardId}||'%'  ) ]]>
		<if test="flag2 != null and flag2 != '' ">
		and flag2=#{flag2}
		</if>
		
		order by cinfo desc
		)  TB ) WHERE rn BETWEEN 0 AND 1
<!-- 		limit 0,1 -->
	</select>
	
	
	<select id="selectCode_flag2" parameterType="hashmap" resultMap="category">
		SELECT ccode FROM category 
		WHERE del_flag ='N'
		AND openflag='Y'
		and flag2=#{flag2}
		ORDER BY clevel,ccode ,ctitle 
	</select>
	
	
	
</mapper>