<?xml version="1.0" encoding="UTF-8"?>
<!DOCTYPE mapper PUBLIC "-//mybatis.org//DTD Mapper 3.0//EN" "http://mybatis.org/dtd/mybatis-3-mapper.dtd">
<mapper namespace="com.withus.processing.dao.ProcessingMapper">
	<resultMap id="processingVo" type="com.withus.processing.dao.ProcessingVO">
	<result property="seq" column="seq" />
	<result property="title" column="title" />
	<result property="contents" column="contents" />
	<result property="jfile" column="jfile" />
	<result property="docId" column="doc_id" />
	<result property="revision" column="revision" />
	<result property="approver" column="approver" />
	<result property="complete" column="complete" />
	<result property="delFlag" column="del_flag" />
	<result property="memo" column="memo" />
	<result property="type" column="type" />
	<result property="userId" column="user_id" />
	<result property="regDate" column="reg_date" />
	<result property="procDate" column="proc_date" />
	<result property="mailSend" column="mail_send" />
	<result property="name" column="name" />
	
	</resultMap>
	
	<insert id="insertProcessing">
	INSERT INTO processing
	(seq
	,title
	,contents
	,jfile
	,doc_id
	,revision
	,approver
	,complete
	,del_flag
	,memo
	,type
	,user_id
	,reg_date
	,mail_send
	,name
	)
	VALUES(
	PRO_SEQ.nextval
	,#{title, jdbcType=VARCHAR}
	,#{contents, jdbcType=VARCHAR}
	,#{jfile, jdbcType=VARCHAR}
	,#{docId, jdbcType=VARCHAR}
	,#{revision, jdbcType=NUMERIC}
	,#{approver, jdbcType=VARCHAR}
	,'N'
	,'N'
	,#{memo, jdbcType=VARCHAR}
	,#{type, jdbcType=VARCHAR}
	,#{userId, jdbcType=VARCHAR}
	,sysdate
	,#{mailSend, jdbcType=VARCHAR}
	,#{name, jdbcType=VARCHAR}
	)
	</insert>
	
	<update id="updateProcessing">
	UPDATE processing
	<set>
	<if test="title != null">title=#{title, jdbcType=VARCHAR}</if>
	<if test="contents != null">, contents=#{contents, jdbcType=VARCHAR}</if>
	<if test="jfile != null">, jfile=#{jfile, jdbcType=VARCHAR}</if>
	<if test="docId != null">, doc_id=#{docId, jdbcType=VARCHAR}</if>
	<if test="revision != null">, revision=#{revision, jdbcType=NUMERIC}</if>
	<if test="approver != null">, approver=#{approver, jdbcType=VARCHAR}</if>
	<if test="complete != null">, complete=#{complete, jdbcType=VARCHAR}</if>
	<if test="delFlag != null">, del_flag=#{delFlag, jdbcType=VARCHAR}</if>
	<if test="memo != null">, memo=#{memo, jdbcType=VARCHAR}</if>
	<if test="type != null">, type=#{type, jdbcType=VARCHAR}</if>
	<if test="mailSend != null">, mail_send=#{mailSend, jdbcType=VARCHAR}</if>
	</set>
	WHERE seq=#{seq, jdbcType=NUMERIC}
	</update>
	
	<update id="AppProcessing">
	UPDATE processing
	<set>
	 complete = 'Y'
	,proc_date = sysdate
	<if test="mailSend != null">, mail_send=#{mailSend, jdbcType=VARCHAR}</if>
	<if test="memo != null">, memo=#{memo, jdbcType=VARCHAR}</if>
	</set>
	WHERE seq=#{seq, jdbcType=NUMERIC}
	</update>
	
	
	
	<update id="deleteProcessing" parameterType="int">
		UPDATE processing
		set del_flag='Y' 
		where seq=#{seq} 
	</update>
	
	<select id="selectProcessingList" parameterType="hashmap" resultMap="processingVo">
		 SELECT * FROM ( SELECT TB.*, rownum rn FROM ( SELECT processing.*, 
		(SELECT ctitle FROM category WHERE ctype = 'B' AND CINFO ='A'  AND MEMO =  (SELECT dept FROM MEMBER WHERE ID = processing.user_id))AS deptCd 
	        FROM processing WHERE 1=1 AND DEL_FLAG='N'
	        <if test="type != null and type != ''  ">
			<![CDATA[	and type = #{type}  ]]>
			</if> 
			<if test="docId != null and docId != ''  ">
			<![CDATA[	and doc_id LIKE '%'||#{docId}||'%'  ]]>
			</if>
			<if test="searchComplete != null and searchComplete != ''  ">
			<![CDATA[	and complete = #{searchComplete}  ]]>
			</if>
			<if test="title != null and title != ''  ">
			<![CDATA[	and UPPER(title) LIKE '%'||UPPER(#{title})||'%'  ]]>
			</if>
			<if test="datepicker != null and datepicker != '' and datepicker2 != null and datepicker2 != '' ">
			<![CDATA[ and REG_DATE BETWEEN  to_date('${datepicker}','YYYY-MM-DD') and to_date('${datepicker2}','YYYY-MM-DD') ]]> 
			</if>
			<if test="datepicker != null and datepicker != '' and( datepicker2 == null or datepicker2 == '')">
			<![CDATA[and REG_DATE BETWEEN  to_date('${datepicker}','YYYY-MM-DD') and to_date(sysdate) ]]> 
			</if>	
			<if test="sortField != null and sortField != '' and( sortOrder != null and sortOrder != '')">
	         ORDER by UPPER(${sortField}) ${sortOrder}
	        </if>
	        <if test="sortField == null or sortField == '' or sortOrder == null or sortOrder == '' ">
	        ORDER by reg_date DESC 
	        </if>
	         ) TB ) WHERE rn BETWEEN ${end} + 1 AND ${end} + ${start}
	          <if test="sortField != null and sortField != '' and( sortOrder != null and sortOrder != '')">
	         ORDER by UPPER(${sortField}) ${sortOrder}
	         </if>
	         <if test="sortField == null or sortField == '' or sortOrder == null or sortOrder == '' ">
	          ORDER by reg_date DESC 
	         </if>
	</select>
	
	
	<select id = "getProcessing" parameterType="hashmap" resultMap="processingVo">
	<![CDATA[
	 SELECT * FROM processing
			where seq=#{seq}  and DEL_FLAG='N'
		]]>	
	</select>
	
	<select id="selectProcessingTotCnt" parameterType="hashmap" resultType="int">
			SELECT COUNT(*) totcnt
			FROM processing WHERE 1=1 AND DEL_FLAG='N'
		<if test="type != null and type != ''  ">
		<![CDATA[	and type = #{type}  ]]>
		</if> 
		<if test="docId != null and docId != ''  ">
		<![CDATA[	and doc_id LIKE '%'||#{docId}||'%'  ]]>
		</if>
		<if test="searchComplete != null and searchComplete != ''  ">
		<![CDATA[	and complete = #{searchComplete}  ]]>
		</if>
		<if test="title != null and title != ''  ">
		<![CDATA[	and UPPER(title) LIKE '%'||UPPER(#{title})||'%'  ]]>
		<if test="datepicker != null and datepicker != '' and datepicker2 != null and datepicker2 != '' ">
		<![CDATA[ and REG_DATE BETWEEN  to_date('${datepicker}','YYYY-MM-DD') and to_date('${datepicker2}','YYYY-MM-DD') ]]> 
		</if>
		<if test="datepicker != null and datepicker != '' and( datepicker2 == null or datepicker2 == '')">
		<![CDATA[and REG_DATE BETWEEN  to_date('${datepicker}','YYYY-MM-DD') and to_date(sysdate) ]]> 
		</if>		
		</if> 
			
			
	</select>
	
	
	<select id="userProcessing" parameterType="hashmap"  resultMap="processingVo">
	        SELECT * FROM ( SELECT TB.*, rownum rn FROM ( SELECT processing.*, 
			(SELECT ctitle FROM category WHERE ctype = 'B' AND CINFO ='A'  AND MEMO =  (SELECT dept FROM MEMBER WHERE ID = processing.user_id))AS deptCd 
	        FROM processing WHERE 1=1 AND DEL_FLAG='N'
	          ORDER by reg_date DESC 
	         ) TB ) WHERE rn BETWEEN ${end} + 1 AND ${end} + ${start}
	         ORDER by reg_date DESC  
	          
	</select>
	
	
	
</mapper>