<?xml version="1.0" encoding="UTF-8"?>
<!DOCTYPE mapper PUBLIC "-//mybatis.org//DTD Mapper 3.0//EN" "http://mybatis.org/dtd/mybatis-3-mapper.dtd">
<mapper namespace="com.withus.calnote.dao.CalnoteMapper">


<resultMap id="calnoteVo" type="com.withus.calnote.dao.CalnoteVO">
		<result property="calnoteId" column="calnote_id" />
		<result property="docId" column="doc_id" />
		<result property="docName" column="doc_name" />
		<result property="unitNum" column="unit_num" />
		<result property="chngCoreCycleNum" column="chng_core_cycle_num" />
		<result property="state" column="state" />
		<result property="bodyPageNum" column="body_page_num" />
		<result property="totalPageNum" column="total_page_num" />
		<result property="regDate" column="reg_date" />
		<result property="modDate" column="mod_date" />
		<result property="appDate" column="app_date" />
		<result property="bizCd" column="biz_cd" />
		<result property="userId" column="user_id" />
		<result property="calCatCd" column="cal_cat_cd" />
		<result property="docTypeCd" column="doc_type_cd" />
		<result property="autoGenFlag" column="auto_gen_flag" />
		<result property="plantCd" column="plant_cd" />
		<result property="deptCd" column="dept_cd" />
		<result property="edmsDocId" column="edms_doc_id" />
		<result property="revision" column="revision" />
		<result property="deleteFlag" column="delete_flag" />
		<result property="deleteReason" column="delete_reason" />
		<result property="field" column="field" />
		<result property="independent" column="independent" />
		<result property="reviewer" column="reviewer" />
		<result property="approver" column="approver" />
		<result property="stat" column="stat" />
		<result property="biz_cd_" column="biz_cd_" />
		<result property="plant_cd_" column="plant_cd_" />
		<result property="dept_cd_" column="dept_cd_" />
		<result property="field_" column="field_" />
		<result property="noteFlag" column="note_flag" />
		<result property="name" column="name" />
		<result property="cal_cat_cd_" column="cal_cat_cd_" />
		<result property="designVerification" column="design_verification" />
		<result property="independentDate" column="independent_date" />
		<result property="reviewerDate" column="reviewer_date" />
		<result property="approverDate" column="approver_date" />
		<result property="realTotalPage" column="real_total_page" />
		<result property="owner" column="owner" />
		<result property="hAppDate" column="h_App_Date" />
		
</resultMap>

<resultMap id="calnoteUpdateVo" type="com.withus.calnote.dao.CalnoteUpdateVO">
<result property="check01" column="check01" />
<result property="check02" column="check02" />
<result property="check03" column="check03" />
<result property="check04" column="check04" />
<result property="check05" column="check05" />
<result property="check06" column="check06" />
<result property="check07" column="check07" />
<result property="check08" column="check08" />
<result property="check09" column="check09" />
<result property="check10" column="check10" />
<result property="check11" column="check11" />
<result property="check12" column="check12" />
<result property="check13" column="check13" />
<result property="check14" column="check14" />
<result property="check15" column="check15" />
<result property="check16" column="check16" />
<result property="check17" column="check17" />
<result property="check18" column="check18" />
<result property="check19" column="check19" />
<result property="check20" column="check20" />
<result property="comment01" column="comment01" />
<result property="comment02" column="comment02" />
<result property="comment03" column="comment03" />
<result property="comment04" column="comment04" />
<result property="comment05" column="comment05" />
<result property="comment06" column="comment06" />
<result property="comment07" column="comment07" />
<result property="comment08" column="comment08" />
<result property="comment09" column="comment09" />
<result property="comment10" column="comment10" />
<result property="comment11" column="comment11" />
<result property="comment12" column="comment12" />
<result property="comment13" column="comment13" />
<result property="comment14" column="comment14" />
<result property="comment15" column="comment15" />
<result property="comment16" column="comment16" />
<result property="comment17" column="comment17" />
<result property="comment18" column="comment18" />
<result property="comment19" column="comment19" />
<result property="comment20" column="comment20" />
<result property="userId" column="user_id" />
<result property="calnoteId" column="calnote_id" />
<result property="regDate" column="reg_date" />
<result property="tempSave" column="temp_save" />
<result property="type" column="type" />
</resultMap>
	
	<insert id="insertCalnote" >
   INSERT INTO TB_CALNOTE_INFO
      (
        calnote_id
      , doc_id
      , doc_name
      , unit_num
      , chng_core_cycle_num
      , state
      , body_page_num
      , total_page_num
      , reg_date
      , mod_date
<!--       , app_date -->
      , biz_cd
      , user_id
      , cal_cat_cd
      , doc_type_cd
      , auto_gen_flag
      , plant_cd
      , dept_cd
      , edms_doc_id
      , revision
      , delete_flag
      , delete_reason
      , jfile
      , field
      , independent
      , reviewer
      , approver
      , name
      , order_name
      , h_app_date
      
      )
      VALUES (
       'CAL'||LPAD(CAL_SEQ.NEXTVAL,8,0)
      ,#{docId, jdbcType=VARCHAR}
      ,#{docName, jdbcType=VARCHAR}
      ,#{unitNum, jdbcType=VARCHAR}
      ,#{chngCoreCycleNum, jdbcType=NUMERIC}
      ,#{state, jdbcType=VARCHAR }
      ,#{bodyPageNum, jdbcType=NUMERIC }
      ,#{totalPageNum, jdbcType=NUMERIC }
      ,sysdate
      ,#{modDate, jdbcType=DATE }
<!--       ,#{appDate, jdbcType=DATE } -->
      ,#{bizCd, jdbcType=VARCHAR }
      ,#{userId , jdbcType=VARCHAR}
      ,#{calCatCd, jdbcType=VARCHAR }
      ,#{docTypeCd, jdbcType=VARCHAR }
      ,#{autoGenFlag, jdbcType=VARCHAR }
      ,#{plantCd, jdbcType=VARCHAR }
      ,#{deptCd, jdbcType=VARCHAR }
      ,#{edmsDocId, jdbcType=VARCHAR }
      ,#{revision, jdbcType=VARCHAR }
      ,'N'
      ,#{deleteReason, jdbcType=VARCHAR }
      ,#{jfile, jdbcType=VARCHAR}
      ,#{field, jdbcType=VARCHAR}
      ,#{independent, jdbcType=VARCHAR}
      ,#{reviewer, jdbcType=VARCHAR}
      ,#{approver, jdbcType=VARCHAR}
      ,#{name, jdbcType=VARCHAR}
      ,#{orderName, jdbcType=VARCHAR}
      ,#{hAppDate, jdbcType=VARCHAR}
      
      )
      <selectKey keyProperty="calnoteId" resultType="String" order="AFTER">  

       SELECT 'CAL'||LPAD(CAL_SEQ.CURRVAL ,8,0) as calnote_id from dual
      </selectKey> 


      
   </insert>
	
	<select id="selectCalnoteList" parameterType="hashmap"  resultMap="calnoteVo">
	         SELECT * FROM ( SELECT TB.*, rownum rn FROM ( 
	         SELECT TB_CALNOTE_INFO.*,(SELECT ctitle FROM CATEGORY WHERE ctype = 'A' AND CINFO ='A' AND MEMO = TB_CALNOTE_INFO.STATE)AS stat  
	        FROM TB_CALNOTE_INFO WHERE 1=1 AND AND DOC_TYPE_CD='C' and DELETE_FLAG='N'
	         ORDER by reg_date DESC NULLS LAST
	         ) TB ) WHERE rn BETWEEN ${end} + 1 AND ${end} + ${start} ㅍ
	</select>	
	
	<select id="calNoteNomalDocIdList" parameterType="hashmap"  resultMap="calnoteVo">
	         SELECT * FROM ( SELECT TB.*, rownum rn FROM ( 
	         SELECT TB_CALNOTE_INFO.*,(SELECT ctitle FROM CATEGORY WHERE ctype = 'A' AND CINFO ='A' AND MEMO = TB_CALNOTE_INFO.STATE)AS stat  
	        FROM TB_CALNOTE_INFO WHERE 1=1 AND DOC_TYPE_CD='C' and DELETE_FLAG='N'
	        <if test=" docId != null and  docId != ''  ">
			<![CDATA[	and doc_id LIKE '%'||#{ docId}||'%'  ]]>
			</if>
	         ORDER by reg_date DESC NULLS LAST
	         ) TB ) WHERE rn BETWEEN ${end} + 1 AND ${end} + ${start}  
	</select>
	<select id="userCalnoteList" parameterType="hashmap"  resultMap="calnoteVo">
	         SELECT * FROM ( SELECT TB.*, rownum rn FROM ( 
	        SELECT TB_CALNOTE_INFO.*,(SELECT ctitle FROM CATEGORY WHERE ctype = 'A' AND CINFO ='A' AND MEMO = TB_CALNOTE_INFO.STATE)AS stat
	        ,(SELECT BIZ_NAME FROM TB_BIZ_LIST WHERE BIZ_CD = TB_CALNOTE_INFO.BIZ_CD) AS BIZ_CD_   
	        ,(SELECT ctitle FROM category WHERE ctype = 'H' AND CINFO ='A'  AND MEMO = TB_CALNOTE_INFO.PLANT_CD) AS PLANT_CD_
	        ,(SELECT ctitle FROM category WHERE ctype = 'Q' AND CINFO ='A'  AND MEMO = TB_CALNOTE_INFO.CAL_CAT_CD) AS CAL_CAT_CD_
	        ,(SELECT ctitle FROM category WHERE ctype = 'I' AND CINFO ='A'  AND MEMO = TB_CALNOTE_INFO.FIELD) AS FIELD_
	        ,(SELECT ctitle FROM category WHERE ctype = 'B' AND CINFO ='A'  AND MEMO = TB_CALNOTE_INFO.DEPT_CD) AS DEPT_CD_
	        ,
	        CASE  TB_CALNOTE_INFO.STATE 
		 		WHEN 'R' THEN TB_CALNOTE_INFO.name       
		        WHEN 'R002' THEN TB_CALNOTE_INFO.independent
		        WHEN 'R003' THEN TB_CALNOTE_INFO.independent
		        WHEN 'A002' THEN TB_CALNOTE_INFO.independent
		        WHEN 'A003' THEN TB_CALNOTE_INFO.reviewer
		        WHEN 'A004' THEN TB_CALNOTE_INFO.approver
		        ELSE  ' '
	        END AS owner  
	        FROM TB_CALNOTE_INFO WHERE 1=1 AND DOC_TYPE_CD='C' and DELETE_FLAG='N'
	         <if test=" plantCd != null and  plantCd != ''  ">
			<![CDATA[	and plant_cd =#{ plantCd}  ]]>
			</if> 
			<if test=" docName != null and  docName != ''  ">
			<![CDATA[	and UPPER(doc_name) LIKE '%'||UPPER(#{ docName})||'%'  ]]>
			</if> 	
			<if test=" docId != null and  docId != ''  ">
			<![CDATA[	and UPPER(doc_id) LIKE '%'||UPPER(#{ docId})||'%'  ]]>
			</if>	
			<if test=" chngCoreCycleNum != null and  chngCoreCycleNum != '' and  chngCoreCycleNum != 0  ">
			<![CDATA[	and CHNG_CORE_CYCLE_NUM = #{ chngCoreCycleNum}  ]]>
			</if>		
			<if test=" deptCd != null and  deptCd != ''  ">
			<![CDATA[	and dept_cd = #{ deptCd} ]]>
			</if> 	
			<if test=" state != null and  state != ''  ">
			<![CDATA[	and state = #{state} ]]>
			</if>
			<if test=" name != null and  name != ''  ">
			<![CDATA[	and UPPER(name) like '%'||UPPER(#{ name})||'%' ]]>
			</if>		
			<if test="datepicker != null and datepicker != '' and datepicker2 != null and datepicker2 != '' ">
			<![CDATA[ and REG_DATE BETWEEN  to_date('${datepicker}','YYYY-MM-DD') and to_date('${datepicker2}','YYYY-MM-DD') ]]> 
			</if>
			<if test="datepicker != null and datepicker != '' and( datepicker2 == null or datepicker2 == '')">
			<![CDATA[and REG_DATE BETWEEN  to_date('${datepicker}','YYYY-MM-DD') and to_date(sysdate) ]]> 
			</if>		  
			<if test="unitNum != null and unitNum != ''  ">
			
			<if test="searchUnit != null and searchUnit != '' and searchUnit == 'and'  ">
				and unit_num = #{unitNum} 
			</if>
			<if test="searchUnit != null and searchUnit != '' and searchUnit == 'or'  ">
				<foreach collection="unitNum" item="item" index="index" open="and" separator="or" >
			    <![CDATA[ unit_num LIKE '%'||#{ item}||'%'  ]]>
				</foreach>	
			</if>
			
			</if>
			ORDER BY
			<if test="sortField != null and sortField != '' and( sortOrder != null and sortOrder != '')">
	         <foreach collection="sortList" item="item" separator=" , ">
              ${item.sortField} ${item.sortOrder} NULLS LAST
        	</foreach>
	         </if>
	         <if test="sortField == null or sortField == '' or sortOrder == null or sortOrder == '' ">
	         reg_date DESC NULLS LAST
	         </if>
	         ) TB ) WHERE rn BETWEEN ${end} + 1 AND ${end} + ${start} 
	         ORDER BY
	         <if test="sortField != null and sortField != '' and( sortOrder != null and sortOrder != '')">
	          <foreach collection="sortList" item="item" separator=" , ">
	        
	           ${item.sortField} ${item.sortOrder} NULLS LAST 
             
        	  </foreach>
	         </if>
	         <if test="sortField == null or sortField == '' or sortOrder == null or sortOrder == '' ">
	         reg_date DESC NULLS LAST
	         </if>
	          
	</select>
	
	<select id="checkDocId" parameterType="hashmap" resultType="String">
		SELECT LPAD(MAX(SUBSTR(doc_id,-3))+1,3,0)AS DOC_ID FROM tb_calnote_info WHERE 1=1 
		<if test="docId != null">
		<![CDATA[	AND doc_id LIKE '%'||#{docId}||'%'  ]]>
		</if> 
	</select>
	<select id="selectCalnoteListTotCnt" parameterType="hashmap" resultType="int">
	SELECT COUNT(*) totcnt
	FROM TB_CALNOTE_INFO WHERE 1=1 AND DOC_TYPE_CD='C' and DELETE_FLAG='N'
	<if test="searchWord != null and searchWord != ''  ">
		<![CDATA[	UPPER(and doc_name) LIKE '%'||UPPER(#{searchWord})||'%'  ]]>
			</if> 
	</select>
	
	<select id="userCalnoteListTotCnt" parameterType="hashmap" resultType="int">
	SELECT COUNT(*) totcnt
	FROM TB_CALNOTE_INFO WHERE 1=1 AND DOC_TYPE_CD='C' and DELETE_FLAG='N'
			<if test=" plantCd != null and  plantCd != ''  ">
			<![CDATA[	and plant_cd =#{ plantCd}  ]]>
			</if> 
			<if test=" docName != null and  docName != ''  ">
			<![CDATA[	and UPPER(doc_name) LIKE '%'||UPPER(#{ docName})||'%'  ]]>
			</if> 	
			<if test=" docId != null and  docId != ''  ">
			<![CDATA[	and UPPER(doc_id) LIKE '%'||UPPER(#{ docId})||'%'  ]]>
			</if>	
			<if test=" chngCoreCycleNum != null and  chngCoreCycleNum != '' and  chngCoreCycleNum != 0  ">
			<![CDATA[	and CHNG_CORE_CYCLE_NUM = #{ chngCoreCycleNum}  ]]>
			</if>		
			<if test=" deptCd != null and  deptCd != ''  ">
			<![CDATA[	and dept_cd = #{ deptCd} ]]>
			</if> 	
			<if test=" state != null and  state != ''  ">
			<![CDATA[	and state = #{state} ]]>
			</if>
			<if test=" name != null and  name != ''  ">
			<![CDATA[	and UPPER(name) like '%'||UPPER(#{ name})||'%' ]]>
			</if>		
			<if test="datepicker != null and datepicker != '' and datepicker2 != null and datepicker2 != '' ">
			<![CDATA[ and REG_DATE BETWEEN  to_date('${datepicker}','YYYY-MM-DD') and to_date('${datepicker2}','YYYY-MM-DD') ]]> 
			</if>
			<if test="datepicker != null and datepicker != '' and( datepicker2 == null or datepicker2 == '')">
			<![CDATA[and REG_DATE BETWEEN  to_date('${datepicker}','YYYY-MM-DD') and to_date(sysdate) ]]> 
			</if>		  
			<if test="unitNum != null and unitNum != ''  ">
			
			<if test="searchUnit != null and searchUnit != '' and searchUnit == 'and'  ">
				and unit_num = #{unitNum} 
			</if>
			<if test="searchUnit != null and searchUnit != '' and searchUnit == 'or'  ">
				<foreach collection="unitNum" item="item" index="index" open="and" separator="or" >
			    <![CDATA[ unit_num LIKE '%'||#{ item}||'%'  ]]>
				</foreach>	
			</if>
			
			</if>
			
	</select>
	
	<select id="calNoteNomalDocIdTotCnt" parameterType="hashmap" resultType="int">
	SELECT COUNT(*) totcnt
	FROM TB_CALNOTE_INFO WHERE 1=1 AND DOC_TYPE_CD='C' and DELETE_FLAG='N'
	<if test=" docId != null and  docId != ''  ">
	  <![CDATA[ and doc_id LIKE '%'||#{docId}||'%'  ]]>
	</if>
	</select>
	
<!-- 	<delete id="deleteCalnote" > -->
<!-- 		delete from TB_CALNOTE_INFO WHERE calnote_id = #{calnoteId} AND NOTE_FLAG='N' -->
<!-- 	</delete> -->
	
	<update id="deleteCalnote" >
		UPDATE TB_CALNOTE_INFO set DELETE_FLAG='Y'
	 WHERE calnote_id = #{calnoteId} AND DOC_TYPE_CD='C' 
	</update>
	
	<update id="updateCalnote">
	update TB_CALNOTE_INFO
	<set>
		<if test="docId != null"> doc_id=#{docId, jdbcType=VARCHAR},</if>
		<if test="docName != null"> doc_name=#{docName, jdbcType=VARCHAR},</if>
		<if test="unitNum != null"> unit_num=#{unitNum, jdbcType=VARCHAR},</if>
		<if test="chngCoreCycleNum != null"> chng_core_cycle_num=#{chngCoreCycleNum, jdbcType=NUMERIC},</if>
		<if test="state != null"> state=#{state, jdbcType=VARCHAR },</if>
		<if test="bodyPageNum != null"> body_page_num=#{bodyPageNum, jdbcType=NUMERIC},</if>
		<if test="totalPageNum != null"> total_page_num=#{totalPageNum, jdbcType=NUMERIC},</if>
  	    <!-- <if test="modDate != null"> mod_date=sysdate,</if>  -->
  	    mod_date=sysdate,
   		<!-- <if test="appDate != null"> app_date=#{appDate, jdbcType=DATE},</if> -->
		<if test="bizCd != null"> biz_cd=#{bizCd, jdbcType=VARCHAR},</if>
		<if test="userId != null"> user_id=#{userId, jdbcType=VARCHAR},</if>
		<if test="calCatCd != null"> cal_cat_cd=#{calCatCd, jdbcType=VARCHAR},</if>
		<if test="docTypeCd != null"> doc_type_cd=#{docTypeCd, jdbcType=VARCHAR},</if>
		<if test="autoGenFlag != null"> auto_gen_flag=#{autoGenFlag, jdbcType=VARCHAR},</if>
		<if test="plantCd != null"> plant_cd=#{plantCd, jdbcType=VARCHAR},</if>
		<if test="deptCd != null"> dept_cd=#{deptCd, jdbcType=VARCHAR},</if>
		<if test="edmsDocId != null"> edms_doc_id=#{edmsDocId, jdbcType=VARCHAR},</if>
		<if test="revision != null"> revision=#{revision, jdbcType=VARCHAR},</if>
		 
		<if test="deleteReason != null"> delete_reason=#{deleteReason, jdbcType=VARCHAR},</if>
		<if test="independent != null"> independent=#{independent, jdbcType=VARCHAR},</if>
		<if test="reviewer != null"> reviewer=#{reviewer, jdbcType=VARCHAR},</if>
		<if test="jfile != null"> jfile=#{jfile, jdbcType=VARCHAR},</if>
		<if test="field != null"> field=#{field, jdbcType=VARCHAR},</if>
		<if test="approver != null"> approver=#{approver, jdbcType=VARCHAR},</if>
		<if test="designVerification != null"> design_verification=#{designVerification, jdbcType=VARCHAR},</if>
		<if test="state == 'A003' "> independent_date=sysdate,</if>
		<if test="state == 'A004' "> reviewer_date=sysdate,</if>
		<if test="state == 'S002' "> approver_date=sysdate, app_date=sysdate,</if>
		<if test="realTotalPage != null"> real_total_page=#{realTotalPage, jdbcType=NUMERIC},</if>
		<if test="orderName != null"> order_name=#{orderName, jdbcType=NUMERIC},</if>
		<if test="hAppDate != null"> h_app_date=#{hAppDate, jdbcType=VARCHAR},</if>
	</set>
	where calnote_id=#{calnoteId, jdbcType=VARCHAR} AND DOC_TYPE_CD='C' and DELETE_FLAG='N'
	</update>
	
	<select id = "getCalnote" parameterType="hashmap" resultMap="calnoteVo">
	<![CDATA[
	 SELECT cal.*, 
          (SELECT BIZ_NAME FROM TB_BIZ_LIST WHERE BIZ_CD = cal.BIZ_CD) AS biz_cd_,   
	        (SELECT ctitle FROM category WHERE ctype = 'H' AND CINFO ='A'  AND MEMO = cal.PLANT_CD) AS plant_cd_,
	         (SELECT ctitle FROM category WHERE ctype = 'I' AND CINFO ='A'  AND MEMO = cal.FIELD) AS field_,
	         (SELECT ctitle FROM CATEGORY WHERE ctype = 'A' AND CINFO ='A' AND MEMO = cal.STATE)AS stat,
	         (SELECT ctitle FROM category WHERE ctype = 'Q' AND CINFO ='A'  AND MEMO = cal.CAL_CAT_CD) AS cal_cat_cd_
           FROM TB_CALNOTE_INFO cal
			where calnote_id=#{calnoteId} AND DOC_TYPE_CD='C' and DELETE_FLAG='N'
		]]>	
	</select> 
	
	
	<update id="mergeCheck1_1">
	MERGE INTO check1_1 
		 USING DUAL 
		 ON (calnote_id =#{calnoteId}  )
	WHEN MATCHED
	THEN
		UPDATE SET 
		check01=#{check01, jdbcType=VARCHAR},
		check02=#{check02, jdbcType=VARCHAR},
		check03=#{check03, jdbcType=VARCHAR},
		check04=#{check04, jdbcType=VARCHAR},
		check05=#{check05, jdbcType=VARCHAR},
		check06=#{check06, jdbcType=VARCHAR},
		check07=#{check07, jdbcType=VARCHAR},
		check08=#{check08, jdbcType=VARCHAR},
		check09=#{check09, jdbcType=VARCHAR},
		check10=#{check10, jdbcType=VARCHAR},
		check11=#{check11, jdbcType=VARCHAR},
		check12=#{check12, jdbcType=VARCHAR},
		check13=#{check13, jdbcType=VARCHAR},
		check14=#{check14, jdbcType=VARCHAR},
		check15=#{check15, jdbcType=VARCHAR},
		check16=#{check16, jdbcType=VARCHAR},
		check17=#{check17, jdbcType=VARCHAR},
		check18=#{check18, jdbcType=VARCHAR},
		check19=#{check19, jdbcType=VARCHAR},
		check20=#{check20, jdbcType=VARCHAR},
comment01=#{comment01, jdbcType=VARCHAR},
comment02=#{comment02, jdbcType=VARCHAR},
comment03=#{comment03, jdbcType=VARCHAR},
comment04=#{comment04, jdbcType=VARCHAR},
comment05=#{comment05, jdbcType=VARCHAR},
comment06=#{comment06, jdbcType=VARCHAR},
comment07=#{comment07, jdbcType=VARCHAR},
comment08=#{comment08, jdbcType=VARCHAR},
comment09=#{comment09, jdbcType=VARCHAR},
comment10=#{comment10, jdbcType=VARCHAR},
comment11=#{comment11, jdbcType=VARCHAR},
comment12=#{comment12, jdbcType=VARCHAR},
comment13=#{comment13, jdbcType=VARCHAR},
comment14=#{comment14, jdbcType=VARCHAR},
comment15=#{comment15, jdbcType=VARCHAR},
comment16=#{comment16, jdbcType=VARCHAR},
comment17=#{comment17, jdbcType=VARCHAR},
comment18=#{comment18, jdbcType=VARCHAR},
comment19=#{comment19, jdbcType=VARCHAR},
comment20=#{comment20, jdbcType=VARCHAR}
	WHEN NOT MATCHED
	THEN
		INSERT	  
(
check01,
check02,
check03,
check04,
check05,
check06,
check07,
check08,
check09,
check10,
check11,
check12,
check13,
check14,
check15,
check16,
check17,
check18,
check19,
check20,
comment01,
comment02,
comment03,
comment04,
comment05,
comment06,
comment07,
comment08,
comment09,
comment10,
comment11,
comment12,
comment13,
comment14,
comment15,
comment16,
comment17,
comment18,
comment19,
comment20,
seq,
user_id,
calnote_id,
 
reg_date
 )
VALUES 
(
#{check01, jdbcType=VARCHAR},
#{check02, jdbcType=VARCHAR},
#{check03, jdbcType=VARCHAR},
#{check04, jdbcType=VARCHAR},
#{check05, jdbcType=VARCHAR},
#{check06, jdbcType=VARCHAR},
#{check07, jdbcType=VARCHAR},
#{check08, jdbcType=VARCHAR},
#{check09, jdbcType=VARCHAR},
#{check10, jdbcType=VARCHAR},
#{check11, jdbcType=VARCHAR},
#{check12, jdbcType=VARCHAR},
#{check13, jdbcType=VARCHAR},
#{check14, jdbcType=VARCHAR},
#{check15, jdbcType=VARCHAR},
#{check16, jdbcType=VARCHAR},
#{check17, jdbcType=VARCHAR},
#{check18, jdbcType=VARCHAR},
#{check19, jdbcType=VARCHAR},
#{check20, jdbcType=VARCHAR},
#{comment01, jdbcType=VARCHAR},
#{comment02, jdbcType=VARCHAR},
#{comment03, jdbcType=VARCHAR},
#{comment04, jdbcType=VARCHAR},
#{comment05, jdbcType=VARCHAR},
#{comment06, jdbcType=VARCHAR},
#{comment07, jdbcType=VARCHAR},
#{comment08, jdbcType=VARCHAR},
#{comment09, jdbcType=VARCHAR},
#{comment10, jdbcType=VARCHAR},
#{comment11, jdbcType=VARCHAR},
#{comment12, jdbcType=VARCHAR},
#{comment13, jdbcType=VARCHAR},
#{comment14, jdbcType=VARCHAR},
#{comment15, jdbcType=VARCHAR},
#{comment16, jdbcType=VARCHAR},
#{comment17, jdbcType=VARCHAR},
#{comment18, jdbcType=VARCHAR},
#{comment19, jdbcType=VARCHAR},
#{comment20, jdbcType=VARCHAR},
CHECKLIST_SEQ.NEXTVAL ,
#{userId, jdbcType=VARCHAR},
#{calnoteId, jdbcType=VARCHAR},
 
sysdate


)
	</update>
	
	
	<select id = "getCalnoteUpdateVo" parameterType="String" resultMap="calnoteUpdateVo">
	<![CDATA[
	SELECT * FROM check1_1
			where calnote_id=#{calnoteId, jdbcType=VARCHAR}
		]]>	
	</select>	
	
	
		
	<resultMap id="oldfileVo" type="com.withus.calnote.dao.OldFileVO">  
		<result property="attachSeq" column="ATTACH_SEQ" />
		<result property="fileName" column="FILE_NAME" />
		<result property="filePath" column="FILE_PATH" />
		<result property="extName" column="EXT_NAME" />
		<result property="edmsDocId" column="EDMS_DOC_ID" />
		<result property="calnoteId" column="CALNOTE_ID" />
		<result property="regDate" column="REG_DATE" />
		<result property="edmsState" column="EDMS_STATE" />
		<result property="edmsCatId" column="EDMS_CAT_ID" />
		<result property="edmsRegDate" column="EDMS_REG_DATE" />
		<result property="fileDivCd" column="FILE_DIV_CD" />
		<result property="saveDivCd" column="SAVE_DIV_CD" />
		<result property="linkUrl" column="LINK_URL" />
		<result property="saveName" column="SAVE_NAME" />
		<result property="fileSize" column="FILE_SIZE" />
	</resultMap>

	<select id = "getOldFileList" parameterType="hashmap" resultMap="oldfileVo">
	<![CDATA[
	SELECT * FROM TB_ATTACH_FILE_LIST
			where calnote_id='${calnoteId}'
		]]>	
	</select>
	

<select id="userCalnoteListPanding" parameterType="hashmap"  resultMap="calnoteVo">
	         SELECT * FROM ( SELECT TB.*, rownum rn FROM ( 
	        SELECT TB_CALNOTE_INFO.*,(SELECT ctitle FROM CATEGORY WHERE ctype = 'A' AND CINFO ='A' AND MEMO = TB_CALNOTE_INFO.STATE)AS stat
	        ,(SELECT BIZ_NAME FROM TB_BIZ_LIST WHERE BIZ_CD = TB_CALNOTE_INFO.BIZ_CD) AS BIZ_CD_   
	        ,(SELECT ctitle FROM category WHERE ctype = 'H' AND CINFO ='A'  AND MEMO = TB_CALNOTE_INFO.PLANT_CD) AS PLANT_CD_
	         ,(SELECT ctitle FROM category WHERE ctype = 'I' AND CINFO ='A'  AND MEMO = TB_CALNOTE_INFO.FIELD) AS FIELD_
	          ,(SELECT ctitle FROM category WHERE ctype = 'B' AND CINFO ='A'  AND MEMO = TB_CALNOTE_INFO.DEPT_CD) AS DEPT_CD_
	        FROM TB_CALNOTE_INFO WHERE 1=1 AND DOC_TYPE_CD='C' and DELETE_FLAG='N'
	       	
			<if test=" userId != null and  userId != ''  ">
			and (
			    ( name       = #{userId} and (state = 'R' or state = 'R000' or state = 'R001'))
			 or (independent = #{userId} and (state = 'A002'  or state = 'R002' or state = 'R003' )) 
			 or (reviewer    = #{userId} and (state = 'A003'))
			 or (approver    = #{userId} and (state = 'A004'))
			) 
			</if>	
			  
			  ) TB ) WHERE rn BETWEEN ${end} + 1 AND ${end} + ${start} 
	         
			 ORDER by reg_date DESC  NULLS LAST
	          
	</select>


<select id="userPanding" parameterType="hashmap"  resultMap="calnoteVo">
	        SELECT * FROM ( SELECT tb2.* ,rownum rn FROM   
			( SELECT TB.* from ( 
	          
	         SELECT  calnote_id, doc_id, doc_name, reg_date, state, dept_cd,  doc_type_cd
            ,(SELECT ctitle FROM CATEGORY WHERE ctype = 'A' AND CINFO ='A' AND MEMO = TB_CALNOTE_INFO.STATE)AS stat
	        ,(SELECT ctitle FROM category WHERE ctype = 'B' AND CINFO ='A'  AND MEMO = TB_CALNOTE_INFO.DEPT_CD) AS DEPT_CD_, revision,name
	        FROM TB_CALNOTE_INFO WHERE 1=1 AND DOC_TYPE_CD='C' and DELETE_FLAG='N' 
	       	
			<if test=" userId != null and  userId != ''  ">
			and (
			    (  name      = #{userId} and (state = 'R' or state = 'R000' or state = 'R001' ))
			 or (independent = #{userId} and (state = 'A002' or state = 'R002' or state = 'R003' )) 
			 or (reviewer    = #{userId} and (state = 'A003'))
			 or (approver    = #{userId} and (state = 'A004'))
			) 
			</if>
			
			union all 
			 SELECT tr_id AS calnote_id, doc_id, doc_name, reg_date, state, dept_cd, 'T' AS cod_type_cd
            ,(SELECT ctitle FROM CATEGORY WHERE ctype = 'T' AND CINFO ='A' AND MEMO = TB_TR_INFO.STATE)AS stat
	        ,(SELECT ctitle FROM category WHERE ctype = 'B' AND CINFO ='A'  AND MEMO = TB_TR_INFO.DEPT_CD) AS DEPT_CD_,0 AS revision,name
	        FROM TB_TR_INFO WHERE 1=1 AND  DELETE_FLAG='N' 
	       	
			<if test=" userId != null and  userId != ''  ">
			and (
			    ( name    = #{userId} and (state = 'R' or state = 'R000' or state = 'R002' or state = 'R003' or state = 'R004'))
			 or (cowriter = #{userId} and (state = 'A002')) 
			 or (reviewer = #{userId} and (state = 'A003'))
			 or (approver = #{userId} and (state = 'A004'))
			) 
			</if> 
			
			
			 ) TB  WHERE 1=1 ORDER by reg_date DESC NULLS LAST) tb2 ) WHERE rn BETWEEN ${end} + 1 AND ${end} + ${start} 
	         
			 ORDER by reg_date DESC NULLS LAST
			 	
	          
</select>
	
<select id="userCalnoteListProcessed" parameterType="hashmap"  resultMap="calnoteVo">
	         SELECT * FROM ( SELECT TB.*, rownum rn FROM ( 
	        SELECT TB_CALNOTE_INFO.*,(SELECT ctitle FROM CATEGORY WHERE ctype = 'A' AND CINFO ='A' AND MEMO = TB_CALNOTE_INFO.STATE)AS stat
	        ,(SELECT BIZ_NAME FROM TB_BIZ_LIST WHERE BIZ_CD = TB_CALNOTE_INFO.BIZ_CD) AS BIZ_CD_   
	        ,(SELECT ctitle FROM category WHERE ctype = 'H' AND CINFO ='A'  AND MEMO = TB_CALNOTE_INFO.PLANT_CD) AS PLANT_CD_
	         ,(SELECT ctitle FROM category WHERE ctype = 'I' AND CINFO ='A'  AND MEMO = TB_CALNOTE_INFO.FIELD) AS FIELD_
	          ,(SELECT ctitle FROM category WHERE ctype = 'B' AND CINFO ='A'  AND MEMO = TB_CALNOTE_INFO.DEPT_CD) AS DEPT_CD_
	        FROM TB_CALNOTE_INFO WHERE 1=1 AND DOC_TYPE_CD='C' and DELETE_FLAG='N'
	       	
			<if test=" userId != null and  userId != ''  ">
			and (
			    name        = #{userId}
			 or independent = #{userId}
			 or reviewer    = #{userId}
			 or approver    = #{userId}
			)
			and state = 'S002'		 
			</if>	
      		
 
	         ) TB ) WHERE rn BETWEEN ${end} + 1 AND ${end} + ${start} 
	         
			 ORDER by reg_date DESC NULLS LAST
	          
	</select>
	
	<select id="userProcessed" parameterType="hashmap"  resultMap="calnoteVo">
	        SELECT * FROM ( SELECT tb2.* ,rownum rn FROM   
			( SELECT TB.* from ( 
	          
	         SELECT  calnote_id, doc_id, doc_name, reg_date, state, dept_cd,  doc_type_cd, name, revision
            ,(SELECT ctitle FROM CATEGORY WHERE ctype = 'A' AND CINFO ='A' AND MEMO = TB_CALNOTE_INFO.STATE)AS stat
	        ,(SELECT ctitle FROM category WHERE ctype = 'B' AND CINFO ='A'  AND MEMO = TB_CALNOTE_INFO.DEPT_CD) AS DEPT_CD_
	        FROM TB_CALNOTE_INFO WHERE 1=1 AND DOC_TYPE_CD='C' and DELETE_FLAG='N' 
	       	
			<if test=" userId != null and  userId != ''  ">
			and (
			    ( name       = #{userId} )
			 or (independent = #{userId} ) 
			 or (reviewer    = #{userId} )
			 or (approver    = #{userId} )
			) 
             and (state = 'S002')
			</if> 
			
			union all 
			 SELECT tr_id AS calnote_id, doc_id, doc_name, reg_date, state, dept_cd, 'T' AS cod_type_cd, name, 0 AS revision
            ,(SELECT ctitle FROM CATEGORY WHERE ctype = 'T' AND CINFO ='A' AND MEMO = TB_TR_INFO.STATE)AS stat
	        ,(SELECT ctitle FROM category WHERE ctype = 'B' AND CINFO ='A'  AND MEMO = TB_TR_INFO.DEPT_CD) AS DEPT_CD_
	        FROM TB_TR_INFO WHERE 1=1 AND  DELETE_FLAG='N' 
	       	
			<if test=" userId != null and  userId != ''  ">
			and (
			    ( name    = #{userId} )
			 or (cowriter = #{userId} ) 
			 or (reviewer = #{userId} )
			 or (approver = #{userId} )
			) 
             and (state = 'S002')
			</if> 
					
			 ) TB  WHERE 1=1 ORDER by reg_date DESC NULLS LAST) tb2 ) WHERE rn BETWEEN ${end} + 1 AND ${end} + ${start} 
	         
			 ORDER by reg_date DESC NULLS LAST
              
	          
	</select>
		
 
<select id="userTrListPanding" parameterType="hashmap"  resultMap="calnoteVo">
     SELECT * FROM ( SELECT TB.*, rownum rn FROM ( 
	         SELECT tr_id AS calnote_id, doc_id, doc_name, user_id, state, dept_cd, reg_date, app_date
            ,(SELECT ctitle FROM CATEGORY WHERE ctype = 'T' AND CINFO ='A' AND MEMO = TB_TR_INFO.STATE)AS stat
	        ,(SELECT ctitle FROM category WHERE ctype = 'B' AND CINFO ='A'  AND MEMO = TB_TR_INFO.DEPT_CD) AS DEPT_CD_
	        FROM TB_TR_INFO WHERE 1=1 AND  DELETE_FLAG='N'  
	      
			<if test=" userId != null and  userId != ''  ">
			and (
			    ( name    = #{userId} and (state = 'R' or state = 'R000' or state = 'R002' or state = 'R003' or state = 'R004'))
			 or (cowriter = #{userId} and (state = 'A002')) 
			 or (reviewer = #{userId} and (state = 'A003'))
			 or (approver = #{userId} and (state = 'A004'))
			) 
			</if>	
			  
			  ) TB ) WHERE rn BETWEEN ${end} + 1 AND ${end} + ${start} 
	         
			 ORDER by reg_date DESC NULLS LAST 
	          
</select>
		
	<select id="pandingListTotCnt" parameterType="hashmap" resultType="int">
	SELECT COUNT(*) totcnt
	FROM TB_CALNOTE_INFO WHERE 1=1 AND DOC_TYPE_CD='C' and DELETE_FLAG='N'
			<if test=" userId != null and  userId != ''  ">
			and (
			    ( name       = #{userId} and (state = 'R' or state = 'R000'  or state = 'R001'))
			 or (independent = #{userId} and (state = 'A002' or state = 'R002' or state = 'R003' )) 
			 or (reviewer    = #{userId} and (state = 'A003'))
			 or (approver    = #{userId} and (state = 'A004'))
			) 
			</if>
 			<if test="searchWord != null and searchWord != '' and searchFild != null and searchFild != ''">
				<![CDATA[ and ( UPPER(${searchFild})  LIKE '%' ||UPPER(#{searchWord}) ||'%' )  ]]>
			 </if>
			 
	</select>
	
	<select id="pandingList" parameterType="hashmap"  resultMap="calnoteVo">
	
	  SELECT * FROM ( SELECT TB.*, rownum rn FROM ( 
	        SELECT TB_CALNOTE_INFO.*,(SELECT ctitle FROM CATEGORY WHERE ctype = 'A' AND CINFO ='A' AND MEMO = TB_CALNOTE_INFO.STATE)AS stat
	        ,(SELECT BIZ_NAME FROM TB_BIZ_LIST WHERE BIZ_CD = TB_CALNOTE_INFO.BIZ_CD) AS BIZ_CD_   
	        ,(SELECT ctitle FROM category WHERE ctype = 'H' AND CINFO ='A'  AND MEMO = TB_CALNOTE_INFO.PLANT_CD) AS PLANT_CD_
	         ,(SELECT ctitle FROM category WHERE ctype = 'I' AND CINFO ='A'  AND MEMO = TB_CALNOTE_INFO.FIELD) AS FIELD_
	          ,(SELECT ctitle FROM category WHERE ctype = 'B' AND CINFO ='A'  AND MEMO = TB_CALNOTE_INFO.DEPT_CD) AS DEPT_CD_
	        FROM TB_CALNOTE_INFO WHERE 1=1 AND DOC_TYPE_CD='C' and DELETE_FLAG='N'
	       	
			<if test=" userId != null and  userId != ''  ">
			and (
			    ( name       = #{userId} and (state = 'R' or state = 'R000' or state = 'R001' ))
			 or (independent = #{userId} and (state = 'A002' or state = 'R002' or state = 'R003' )) 
			 or (reviewer    = #{userId} and (state = 'A003'))
			 or (approver    = #{userId} and (state = 'A004'))
			) 
			</if>
   			<if test="searchWord != null and searchWord != '' and searchFild != null and searchFild != ''">
				<![CDATA[ and ( UPPER(${searchFild})  LIKE '%' ||UPPER(#{searchWord}) ||'%' )  ]]>
			 </if>
			<if test="sortField != null and sortField != '' and( sortOrder != null and sortOrder != '')">
	         ORDER by  ${sortField} ${sortOrder} NULLS LAST
	         </if>
	         <if test="sortField == null or sortField == '' or sortOrder == null or sortOrder == '' ">
	          ORDER by reg_date DESC NULLS LAST
	         </if> 
	     		
 
	         ) TB ) WHERE rn BETWEEN ${end} + 1 AND ${end} + ${start} 
	         
			<if test="sortField != null and sortField != '' and( sortOrder != null and sortOrder != '')">
	         ORDER by   ${sortField}  ${sortOrder} NULLS LAST
	         </if>
	         <if test="sortField == null or sortField == '' or sortOrder == null or sortOrder == '' ">
	          ORDER by reg_date DESC NULLS LAST
	         </if> 
	          
	    </select>      
	    
	    <select id="processedListTotCnt" parameterType="hashmap" resultType="int">
	SELECT COUNT(*) totcnt
	FROM TB_CALNOTE_INFO WHERE 1=1 AND DOC_TYPE_CD='C' and DELETE_FLAG='N'
			<if test=" userId != null and  userId != ''  ">
			and (
			    name        = #{userId}
			 or independent = #{userId}
			 or reviewer    = #{userId}
			 or approver    = #{userId}
			)
			and state = 'S002'		 
			</if>	
 			<if test="searchWord != null and searchWord != '' and searchFild != null and searchFild != ''">
				<![CDATA[ and ( UPPER(${searchFild})  LIKE '%' ||UPPER(#{searchWord}) ||'%' )  ]]>
			 </if>
		 
	</select>
	
	<select id="processedList" parameterType="hashmap"  resultMap="calnoteVo">
	
	  SELECT * FROM ( SELECT TB.*, rownum rn FROM ( 
	        SELECT TB_CALNOTE_INFO.*,(SELECT ctitle FROM CATEGORY WHERE ctype = 'A' AND CINFO ='A' AND MEMO = TB_CALNOTE_INFO.STATE)AS stat
	        ,(SELECT BIZ_NAME FROM TB_BIZ_LIST WHERE BIZ_CD = TB_CALNOTE_INFO.BIZ_CD) AS BIZ_CD_   
	        ,(SELECT ctitle FROM category WHERE ctype = 'H' AND CINFO ='A'  AND MEMO = TB_CALNOTE_INFO.PLANT_CD) AS PLANT_CD_
	         ,(SELECT ctitle FROM category WHERE ctype = 'I' AND CINFO ='A'  AND MEMO = TB_CALNOTE_INFO.FIELD) AS FIELD_
	          ,(SELECT ctitle FROM category WHERE ctype = 'B' AND CINFO ='A'  AND MEMO = TB_CALNOTE_INFO.DEPT_CD) AS DEPT_CD_
	        FROM TB_CALNOTE_INFO WHERE 1=1 AND DOC_TYPE_CD='C' and DELETE_FLAG='N'
	       	
			<if test=" userId != null and  userId != ''  ">
			and (
			    name        = #{userId}
			 or independent = #{userId}
			 or reviewer    = #{userId}
			 or approver    = #{userId}
			)
			and state = 'S002'		 
			</if>	
   			<if test="searchWord != null and searchWord != '' and searchFild != null and searchFild != ''">
				<![CDATA[ and ( UPPER(${searchFild})  LIKE '%' ||UPPER(#{searchWord}) ||'%' )  ]]>
			 </if>
			<if test="sortField != null and sortField != '' and( sortOrder != null and sortOrder != '')">
	         ORDER by  ${sortField} ${sortOrder} NULLS LAST
	         </if>
	         <if test="sortField == null or sortField == '' or sortOrder == null or sortOrder == '' ">
	          ORDER by reg_date DESC NULLS LAST
	         </if> 
	     		
 
	         ) TB ) WHERE rn BETWEEN ${end} + 1 AND ${end} + ${start} 
	         
			 <if test="sortField != null and sortField != '' and( sortOrder != null and sortOrder != '')">
	         ORDER by  ${sortField} ${sortOrder} NULLS LAST
	         </if>
	         <if test="sortField == null or sortField == '' or sortOrder == null or sortOrder == '' ">
	          ORDER by reg_date DESC NULLS LAST
	         </if> 
	     		
	          
	    </select>  
		
		<select id="getRevisionMax" parameterType="hashmap" resultType="java.lang.Integer">
		SELECT MAX(revision) AS max_rev FROM TB_CALNOTE_INFO WHERE  doc_id = #{docId}
		</select>
		
		
</mapper>