<?xml version="1.0" encoding="UTF-8"?>
<!DOCTYPE mapper PUBLIC "-//mybatis.org//DTD Mapper 3.0//EN" "http://mybatis.org/dtd/mybatis-3-mapper.dtd">
<mapper namespace="com.withus.department.dao.DepartmentMapper">


<resultMap id="departmentVo" type="com.withus.department.dao.DepartmentVO">
		<result property="deptCd" column="dept_cd" />
		<result property="deptName" column="dept_name" />
		<result property="portalDeptCd" column="portal_dept_cd" />
		<result property="deptDesc" column="dept_desc" />
		<result property="etc" column="etc" />
</resultMap>
	
	<insert id="insertDepartment">
	INSERT INTO TB_DEPT_CD_LIST
		(
		 dept_cd
		, dept_name
		, portal_dept_cd
		, dept_desc
		, etc
		)
		VALUES (
		DEPT_SEQ.nextval
		,#{deptName, jdbcType=VARCHAR}
		,#{portalDeptCd, jdbcType=VARCHAR}
		,#{deptDesc, jdbcType=VARCHAR}
		,#{etc, jdbcType=VARCHAR}
		)
	</insert>
	
	<select id="selectDepartmentList" parameterType="hashmap"  resultMap="departmentVo">
	SELECT * FROM ( SELECT TB.*, rownum rn  FROM (
			SELECT * FROM TB_DEPT_CD_LIST
 			WHERE 1=1
			<if test="searchWord != null and searchWord != ''  ">
			<![CDATA[	and dept_name LIKE '%'||#{searchWord}||'%' ]]>
			</if> 
			 order by dept_cd asc 
			 )  TB ) WHERE rn BETWEEN ${end} + 1 AND ${end} + ${start}
<!-- 	         limit ${start} offset ${end}	 -->
	</select>	
	
	<select id="selectDepartmentListTotCnt" parameterType="hashmap" resultType="int">
	SELECT COUNT(*) totcnt
	FROM TB_DEPT_CD_LIST WHERE 1=1
	<if test="searchWord != null and searchWord != ''  ">
		<![CDATA[	and dept_cd LIKE '%'||#{searchWord}||'%'  ]]>
			</if> 
	
	</select>
	
	<delete id="deleteDepartment" >
		delete from TB_DEPT_CD_LIST WHERE dept_cd = #{deptCd}
	</delete>
	
	<update id="updateDepartment">
	update TB_DEPT_CD_LIST
	<set>
	<if test="deptName != null">dept_name=#{deptName},</if>
	<if test="portalDeptCd != null">portal_dept_cd=#{portalDeptCd},</if>
	<if test="deptDesc != null">dept_desc=#{deptDesc},</if>
	<if test="etc != null">etc=#{etc}</if>
	</set>
	where dept_cd=#{deptCd}
	</update>
	
	<select id = "getDepartment" parameterType="hashmap" resultMap="departmentVo">
	<![CDATA[
	SELECT * FROM TB_DEPT_CD_LIST
			where dept_cd='${deptCd}'
		]]>	
	</select>
	

</mapper>