﻿<?xml version="1.0" encoding="utf-8"?>

<access-policy>
  <cross-domain-access>
<!--Enables Silverlight 3 all methods functionality-->
    <policy>
      <allow-from http-request-headers="*">      
        <domain uri="http://*"/>
      </allow-from>      
      <grant-to>      
        <resource path="/" include-subpaths="true"/>
      </grant-to>      
    </policy>
<!--Enables Silverlight 2 clients to continue to work normally -->
    <policy>
      <allow-from >      
        <domain uri="http://*"/>
      </allow-from>      
      <grant-to>      
        <resource path="/" include-subpaths="true"/>
      </grant-to>      
    </policy>
  </cross-domain-access>
</access-policy>