<?xml version="1.0" encoding="UTF-8"?>
<!DOCTYPE mapper PUBLIC "-//mybatis.org//DTD Mapper 3.0//EN" "http://mybatis.org/dtd/mybatis-3-mapper.dtd">
<mapper namespace="com.withus.boardHistory.dao.BoardHistoryMapper"> 
 
	<resultMap id="calHistory" type="com.withus.boardHistory.dao.BoardHistoryVO">
		<result property="seq" column="seq" />
		<result property="listId" column="list_id" />
		<result property="userId" column="user_id" />
		<result property="state" column="state" />
		<result property="title" column="title" />
		<result property="comments" column="comments" />
		<result property="regDate" column="reg_date" />
		<result property="ip" column="ip" />
		<result property="name" column="name" />
		<result property="boardId" column="board_id" />
	</resultMap>
	<insert id="insertBoardHistory">
	<!-- <selectKey keyProperty="state" resultType="String" order="BEFORE"> 
	SELECT state FROM TB_CALNOTE_INFO WHERE CALNOTE_ID=#{calnoteId}
	</selectKey> -->
		<![CDATA[
			INSERT INTO board_history 
				(  seq
				  , list_id
				  , user_id
				  , title
				  , state
				  , reg_date
				  , name
				  , ip
				  ,board_id
				  )
			VALUES (BHIS_SEQ.NEXTVAL
				  ,#{listId}
				  ,#{userId, jdbcType=VARCHAR}
				  ,#{title, jdbcType=VARCHAR}
				  ,#{state, jdbcType=VARCHAR}
				  ,sysdate
				  ,#{name, jdbcType=VARCHAR}
				  ,#{ip, jdbcType=VARCHAR}
				  ,#{boardId, jdbcType=VARCHAR}
				  )
		]]>
		

	</insert>
	<select id="selectBoardHistoryListTotCnt" parameterType="hashmap" resultType="int">
			SELECT COUNT(*) totcnt
			FROM board_history
			WHERE 1=1 
			<if test="searchWord != null and searchWord != '' and searchFild != null and searchFild != '' ">
			<![CDATA[	and ( UPPER(board_history.${searchFild}) LIKE '%' ||UPPER(#{searchWord}) ||'%'  ) ]]>
			</if>
			 
	</select>
	
	<select id="selectBoardDeleteCnt" parameterType="hashmap" resultType="int">
	select count(*) from board_history where state='D' and list_id=#{listId}
	</select>
	
	<select id="selectBoardHistoryList" parameterType="hashmap" resultMap="calHistory">
	SELECT * FROM ( SELECT TB.*, rownum rn  FROM (
			SELECT board_history.*  FROM board_history
			WHERE 1=1
			<if test="searchWord != null and searchWord != '' and searchFild != null and searchFild != '' ">
			<![CDATA[	and ( UPPER(board_history.${searchFild}) LIKE '%' ||UPPER(#{searchWord}) ||'%'  ) ]]>
			</if>
			 order by reg_date desc 
			 )  TB ) WHERE rn BETWEEN ${end} + 1 AND ${end} + ${start}
	         <!-- limit ${start} offset ${end}		 -->
	</select>	
	
</mapper>
