<?xml version="1.0" encoding="UTF-8"?>
<!DOCTYPE mapper PUBLIC "-//mybatis.org//DTD Mapper 3.0//EN" "http://mybatis.org/dtd/mybatis-3-mapper.dtd">

<mapper namespace="com.withus.group.dao.GroupsMapper">  
	
    <resultMap id="groupsVo" type="com.withus.group.dao.GroupsVO">
		<result property="id" column="id" />
		<result property="groupName" column="group_name" />
		
		<result property="groupId" column="group_id" />
		<result property="memberId" column="member_id" />
		<result property="authority" column="authority" />
	</resultMap>
	
	<insert id="insertGroups">
		<![CDATA[
			INSERT INTO groups 
				( id , group_name )
			VALUES ( #{id} , #{groupName} )
			on duplicate key 
			update group_name = #{groupName}
		]]>
	</insert>
	
	<update id="updateGroups">
		<![CDATA[
			UPDATE groups
			SET  group_name=#{groupName} where id=#{id}
			]]>
	</update>
	
	<delete id="deleteGroups">
		<![CDATA[
			DELETE FROM groups where id=#{id}
			]]>
	</delete>
	
	<select id="selectGroups" resultMap="groupsVo">
		<![CDATA[
			SELECT
				id
				, group_name
			FROM groups where id=#{id}
			]]>
	</select>
	
	<select id="selectGroupsList"  resultMap="groupsVo">
			SELECT * FROM groups
 
	</select>	
	<select id="selectGroupsListTotCnt" resultType="int">
			SELECT COUNT(*) totcnt
			FROM groups
 
	</select> 

	<select id="selectGroupsMemberList"  resultMap="groupsVo">
			SELECT a.*, b.group_name FROM groups_member a LEFT JOIN groups b ON a.group_id = b.id where a.group_id = #{groupId} 
	</select>	
	
	<select id="selectGroupsAuthorityList"  resultMap="groupsVo">
			SELECT a.*, b.group_name FROM groups_authority a LEFT JOIN groups b ON a.group_id = b.id where a.group_id = #{groupId} 
	</select>	
	
 
	<delete id="deleteGroupsMember">
		<![CDATA[
			DELETE FROM groups_member where seq=#{seq}
			]]>
	</delete>
	
	<delete id="deleteGroupsAuthority">
		<![CDATA[
			DELETE FROM groups_authority where seq=#{seq}
			]]>
	</delete>
	
	<insert id="insertGroupsMember" parameterType="hashmap">
        insert into groups_member(group_id, member_id) 
        values
        <foreach collection="list" item="item" index="index" separator=" , ">
            ( #{item.groupId} , #{item.memberId} )
		</foreach>
        
   </insert>
   
   <insert id="insertGroupsAuthority" parameterType="hashmap">
        insert into groups_authority(group_id, authority) 
        values
        <foreach collection="list" item="item" index="index" separator=" , ">
            ( #{item.groupId} , #{item.authority} )
		</foreach>
        
   </insert>
	
</mapper>