<?xml version="1.0" encoding="UTF-8"?>
<!DOCTYPE mapper PUBLIC "-//mybatis.org//DTD Mapper 3.0//EN" "http://mybatis.org/dtd/mybatis-3-mapper.dtd">
<mapper namespace="com.withus.popup.dao.PopupmanMapper"> 
 
 
	<resultMap id="popupman" type="com.withus.popup.dao.PopupmanVO">
		<result property="seq" column="seq" />
		<result property="title" column="title" />
		<result property="useHtml" column="use_html" />
		<result property="content" column="content" />
		<result property="width" column="width" />
		<result property="height" column="height" />
		<result property="isVisible" column="is_visible" />
		<result property="popLevel" column="pop_level" />
		<result property="popLink" column="pop_link" />
		<result property="imgName" column="img_name" />
		<result property="posX" column="pos_x" />
		<result property="posY" column="pos_y" />
		<result property="popFlag" column="pop_flag" />
		<result property="rstime" column="rstime" />
		<result property="retime" column="retime" />
		<result property="imgNameMobile" column="img_name_mobile" />
		<result property="linkType" column="link_type" />
	</resultMap>
	
	<insert id="insertPopupman">

		<![CDATA[
			INSERT INTO popupman 
				( seq
				  , title
				  , use_html
				  , content
				  , width
				  , height
				  , is_visible
				  , pop_level
				  , pop_link
				  , img_name
				  , pos_x
				  , pos_y
				  , pop_flag
				  , rstime
				  , retime
				  , link_type
				  , img_name_mobile )
			VALUES (  
			      POP_SEQ.nextval
				  ,#{title, jdbcType=VARCHAR}
				  ,#{useHtml, jdbcType=CHAR}
				  ,#{content, jdbcType=VARCHAR}  
				  ,#{width, jdbcType=VARCHAR}
				  ,#{height, jdbcType=VARCHAR}
				  ,#{isVisible, jdbcType=CHAR}
				  ,#{popLevel, jdbcType=VARCHAR}
				  ,#{popLink, jdbcType=VARCHAR}
				  ,#{imgName, jdbcType=VARCHAR}
				  ,#{posX, jdbcType=VARCHAR}
				  ,#{posY, jdbcType=VARCHAR}
				  ,#{popFlag, jdbcType=CHAR}
				  ,#{rstime, jdbcType=VARCHAR}
				  ,#{retime, jdbcType=VARCHAR}
				  ,#{linkType, jdbcType=CHAR}
				  ,#{imgNameMobile, jdbcType=VARCHAR} )
		]]>
		 <selectKey resultType="int" keyProperty="seq" order="AFTER">
            SELECT  POP_SEQ.CURRVAL from DUAL
        </selectKey> 
	</insert>
	
	<update id="updatePopupman">
		
			UPDATE popupman
			SET 
			<![CDATA[
				  title=#{title}
				, use_html=#{useHtml}
				, content=#{content}
				, width=#{width}
				, height=#{height}
				, is_visible=#{isVisible}
				, pop_level=#{popLevel}
				, pop_link=#{popLink}
			]]>
				<if test=" (img_del != null and img_del eq 'Y'.toString()) or (imgName != null and imgName != '') ">
				, img_name=#{imgName}
				</if> 
				, pos_x=#{posX}
				, pos_y=#{posY}
				, pop_flag=#{popFlag}
				, rstime=#{rstime}
				, retime=#{retime}
				, link_type=#{linkType}
				<if test="imgNameMobile != null and imgNameMobile != '' ">
				, img_name_mobile=#{imgNameMobile}
				</if> 
				where seq=#{seq}
		 
	</update>
	
	<delete id="deletePopupman">
		<![CDATA[
			DELETE FROM popupman where seq=#{seq}
			]]>
	</delete>
	
	<select id="selectPopupman" resultMap="popupman">
		<![CDATA[
			SELECT * FROM popupman where seq=#{seq}
			]]>
	</select>
	
	<select id="selectPopupmanList" parameterType="hashmap" resultMap="popupman">
	SELECT * FROM ( SELECT rownum rn, TB.* FROM (
			SELECT * FROM popupman
			WHERE 1=1
			<if test="searchWord != null and searchWord != '' ">
				and (
				<if test="searchFild != null">#{searchFild}</if>
				<![CDATA[ LIKE CONCAT('%',#{searchWord},'%')  ) ]]>
			</if> 
			order by seq desc 
			)  TB ) WHERE rn BETWEEN ${end} + 1 AND ${end} + ${start}
	         <!-- limit ${start} offset ${end} -->		
	</select>	
	<select id="selectPopupmanListTotCnt" parameterType="hashmap" resultType="int">
			SELECT COUNT(*) totcnt
			FROM popupman
			WHERE 1=1
			<if test="searchWord != null and searchWord != '' ">
				and (
				<if test="searchFild != null">#{searchFild}</if>
				<![CDATA[ LIKE CONCAT('%',#{searchWord},'%')  ) ]]>
			</if> 
	</select>
	
	<select id="selectPopupmanList_today" parameterType="hashmap" resultMap="popupman">
	 <![CDATA[
			select * from popupman 
			where is_visible = 'Y' 
			and pop_flag =#{popFlag}
			and (rstime  <=  TO_CHAR(SYSDATE, 'YYYY-MM-DD')
			and (retime is null or retime ='' or  retime >= TO_CHAR(SYSDATE, 'YYYY-MM-DD') ) ) 
			 order by seq desc
		]]>
		
<!-- 		and (rstime  <= date_format(now(),'%Y-%m-%d')  -->
<!-- 		and (retime is null or retime ='' or  retime >= date_format(now(),'%Y-%m-%d' ) ) )  -->
			
	</select>
	
	
	
</mapper>
