<?xml version="1.0" encoding="UTF-8"?>
<!DOCTYPE mapper PUBLIC "-//mybatis.org//DTD Mapper 3.0//EN" "http://mybatis.org/dtd/mybatis-3-mapper.dtd">
<mapper namespace="com.withus.vodLog.dao.VodLogMapper">
 
    <resultMap id="vodLog" type="com.withus.vodLog.dao.VodLogVO">  
	
		<result property="no" column="no" />
		<result property="ip" column="ip" />
		<result property="vodId" column="vod_id" />
		<result property="vodName" column="vod_name" />
		<result property="vodCode" column="vod_code" />
		<result property="regdate" column="regDate" />
		<result property="vodBuseo" column="vod_buseo" />
		<result property="vodGray" column="vod_gray" />
		<result property="oflag" column="oflag" />
	</resultMap>
	
	 <resultMap id="counterVo" type="com.withus.vodLog.dao.CounterVO">  
	
		<result property="gubunCode" column="gubunCode" />
		<result property="countYField" column="countYField" />
		<result property="countMField" column="countMField" />
		<result property="countWField" column="countWField" />
		<result property="countDField" column="countDField" />
		<result property="counter" column="counter" />
		<result property="countFlag" column="countFlag" />
		<result property="gubunCtn" column="gubunCtn" /> 
	</resultMap>
	 
 
	<select id="selectVodLogList" parameterType="hashmap" resultMap="vodLog">
	SELECT * FROM ( SELECT rownum rn, TB.* FROM (
			SELECT a.*, b.title
					FROM vod_log a LEFT JOIN vod_media b  ON a.vod_code = b.ocode
				WHERE 1=1
			 
		<if test="vodId != null and vodId != ''  ">
		<![CDATA[	and ( a.vod_id = #{vodId}  ) ]]> 
		</if> 
		<if test="vodCode != null and vodCode != ''  ">
		<![CDATA[  and ( a.vod_code = #{vodCode}  ) ]]> 
		</if>
		<if test="sdate != null and sdate != ''  ">
			<![CDATA[ and ( DATE_FORMAT(#{sdate}, '%Y-%c-%d') <=  DATE_FORMAT(a.regDate, '%Y-%c-%d')   ) ]]> 
		</if>
		<if test="edate != null and edate != ''  ">
			<![CDATA[ and ( DATE_FORMAT(#{edate}, '%Y-%c-%d') >=  DATE_FORMAT(a.regDate, '%Y-%c-%d')   ) ]]> 
		</if>
		 	
		order by a.no desc 
		)  TB ) WHERE rn BETWEEN ${end} + 1 AND ${end} + ${start}
<!--          limit ${start} offset ${end} -->
	</select>	
	<select id="selectVodLogListTotCnt" parameterType="hashmap" resultType="int">
			SELECT COUNT(*) totcnt
			FROM vod_log a LEFT JOIN vod_media b  ON a.vod_code = b.ocode
			WHERE 1=1
		<if test="vodId != null and vodId != ''  ">
		<![CDATA[	and ( a.vod_id = #{vodId}  ) ]]> 
		</if> 
		<if test="vodCode != null and vodCode != ''  ">
		<![CDATA[  and ( a.vod_code  = #{vodCode}  ) ]]> 
		</if>
		<if test="sdate != null and sdate != ''  ">
			<![CDATA[ and ( DATE_FORMAT(#{sdate}, '%Y-%c-%d') <=  DATE_FORMAT(a.regDate, '%Y-%c-%d')   ) ]]> 
		</if>
		<if test="edate != null and edate != ''  ">
			<![CDATA[ and ( DATE_FORMAT(#{edate}, '%Y-%c-%d') >=  DATE_FORMAT(a.regDate, '%Y-%c-%d')   ) ]]> 
		</if>
	</select>
	
	
	<select id="selectVodLogListLive" parameterType="hashmap" resultMap="vodLog">
	SELECT * FROM ( SELECT rownum rn, TB.* FROM (
			SELECT a.*, b.rtitle as title
			FROM live_log a LEFT JOIN live_media b  ON a.vod_code = b.rcode
			WHERE 1=1
			 
		<if test="vodId != null and vodId != ''  ">
		<![CDATA[	and ( a.vod_id = #{vodId}  ) ]]> 
		</if> 
		<if test="vodCode != null and vodCode != ''  ">
		<![CDATA[  and ( a.vod_code = #{vodCode}  ) ]]> 
		</if>
		<if test="sdate != null and sdate != ''  ">
			<![CDATA[ and ( DATE_FORMAT(#{sdate}, '%Y-%c-%d') <= DATE_FORMAT(a.regDate, '%Y-%c-%d')   ) ]]> 
		</if>
		<if test="edate != null and edate != ''  ">
			<![CDATA[ and ( DATE_FORMAT(#{edate}, '%Y-%c-%d') >= DATE_FORMAT(a.regDate, '%Y-%c-%d')   ) ]]> 
		</if>
		 	
		order by a.no desc 
		)  TB ) WHERE rn BETWEEN ${end} + 1 AND ${end} + ${start}
<!--          limit ${start} offset ${end} -->
	</select>	
	<select id="selectVodLogListTotCntLive" parameterType="hashmap" resultType="int">
			SELECT COUNT(*) totcnt
				FROM live_log a LEFT JOIN live_media b  ON a.vod_code = b.rcode
			WHERE 1=1
		<if test="vodId != null and vodId != ''  ">
		<![CDATA[	and ( vod_id = #{vodId}  ) ]]> 
		</if> 
		<if test="vodCode != null and vodCode != ''  ">
		<![CDATA[  and ( a.vod_code  = #{vodCode}  ) ]]> 
		</if>
		<if test="sdate != null and sdate != ''  ">
			<![CDATA[ and ( DATE_FORMAT(#{sdate}, '%Y-%c-%d') <=  DATE_FORMAT(a.regDate, '%Y-%c-%d')   ) ]]> 
		</if>
		<if test="edate != null and edate != ''  ">
			<![CDATA[ and ( DATE_FORMAT(#{edate}, '%Y-%c-%d') >=  DATE_FORMAT(a.regDate, '%Y-%c-%d')   ) ]]> 
		</if>
	</select>
	
	
	<select id="selectCounterList" parameterType="hashmap" resultMap="counterVo">
		 select c.ctitle, c.ccode,
	        		 coalesce((select counter from counter b where gubunCtn = '1' and c.ccode = b.gubunCode and countFlag = #{Flag} and countYField = #{Year}),0)as cyear,		
	        		 coalesce((select counter from counter b where gubunCtn = '2' and c.ccode = b.gubunCode and countFlag = #{Flag} and countYField = #{Year} and countMField = #{Month} ),0)as cmonth,	
	        		 coalesce((select counter from counter b where gubunCtn = '4' and c.ccode = b.gubunCode and countFlag = #{Flag} and countYField = #{Year} and countMField = #{Month}  and countDField = #{Day} ),0)as cday	
	        		 from category c 
	        		 where c.ctype = #{Type} and c.del_flag='N'
	        		  
	</select>
	
	<select id="selectCounterListMenu" parameterType="hashmap" resultMap="counterVo">
		 select ctitle, ccode from category where ctype = #{Type} and del_flag='N'
	</select>
 
	<select id="selectCounterListMonth" parameterType="hashmap" resultMap="counterVo">
		 select c.ccode,c.ctitle, b.countDField , b.counter 
		 from category c, counter b 
		 where c.ccode = b.gubunCode 
			 and b.countYField = #{Year} 
			 and b.countMField = #{Month}
			 and b.countFlag = #{Flag}
			 and c.ctype = #{Type}
			 and b.gubunCtn = '4' 
			 and c.del_flag='N' 
		 	        		  
	</select>
	
	<select id="selectCounterListYear" parameterType="hashmap" resultMap="counterVo">
 		 select c.ccode, c.ctitle, b.countMField , b.counter 
		 from category c, counter b 
		 where c.ccode = b.gubunCode 
		 and b.countYField = #{Year} 
		 and b.countFlag = #{Flag}
		 and c.ctype = #{Type}
		 and b.gubunCtn = '2'
		 and c.del_flag='N' 
		 	        		  
	</select>
	
	
	 
	<select id="selectCounterListLive" parameterType="hashmap" resultMap="counterVo">
<!-- 		 select r.rtitle as ctitle,  -->
<!-- 	        		 coalesce((select counter from counter b where r.rcode = b.gubuncode and gubunCtn = '1' and countFlag = #{Flag} and countYField = #{Year} ),0)as cyear,		 -->
<!-- 	        		 coalesce((select counter from counter b where r.rcode = b.gubuncode and gubunCtn = '2' and countFlag = #{Flag} and countYField = #{Year} and countMField = #{Month} ),0)as cmonth,	 -->
<!-- 	        		 coalesce((select counter from counter b where r.rcode = b.gubuncode and gubunCtn = '4' and countFlag = #{Flag} and countYField = #{Year} and countMField = #{Month}  and countDField = #{Day} ),0)as cday -->
<!-- 	        		 from live_media r  -->
<!-- 	        		 where r.del_flag='N'	 -->

		 select 'live' as ctitle, 
	        		 coalesce((select sum(counter) from counter b where  gubunCtn = '1' and countFlag = #{Flag} and countYField = #{Year} ),0)as cyear,		
	        		 coalesce((select sum(counter) from counter b where  gubunCtn = '2' and countFlag = #{Flag} and countYField = #{Year} and countMField = #{Month} ),0)as cmonth,	
	        		 coalesce((select sum(counter) from counter b where  gubunCtn = '4' and countFlag = #{Flag} and countYField = #{Year} and countMField = #{Month}  and countDField = #{Day} ),0)as cday
	        		 
	</select>
	
		<select id="selectCounterListMonthLive" parameterType="hashmap" resultMap="counterVo">
<!-- 		 select  r.rtitle as ctitle, b.countDField , b.counter  -->
<!-- 		 from live_media r ,counter b  -->
<!-- 		 where r.rcode = b.gubuncode -->
<!-- 			 and b.countYField = #{Year}  -->
<!-- 			 and b.countMField = #{Month} -->
<!-- 			 and b.countFlag = #{Flag} -->
<!-- 			 and b.gubunCtn = '4'  -->

 		 select b.countDField , sum(b.counter) as counter
		 from  counter b 
		 where 
		 	 b.countYField = #{Year} 
			 and b.countMField = #{Month}
			 and b.countFlag = #{Flag}
			 and b.gubunCtn = '4' 
			 GROUP BY b.countDField
		 	        		  
	</select>
	
	<select id="selectCounterListYearLive" parameterType="hashmap" resultMap="counterVo">
<!--  		 select   r.rtitle as ctitle, b.countMField , b.counter  -->
<!-- 		 from  live_media r ,counter b  -->
<!-- 		 where r.rcode = b.gubuncode -->
<!-- 		 and b.countYField = #{Year}  -->
<!-- 		 and b.countFlag = #{Flag}  -->
<!-- 		 and b.gubunCtn = '2' -->

 		select   b.countMField ,sum(b.counter) as counter
		 from  counter b 
		 where 
		 b.countYField = #{Year} 
		 and b.countFlag = #{Flag} 
		 and b.gubunCtn = '2'
		 GROUP BY b.countMField
		 
	</select>
	
	<select id="connectCount" parameterType="hashmap" resultMap="vodLog">
 		SELECT nvl(SUM(cnt),0) AS SUM, '1' AS NO FROM contact_stat WHERE DAY=TRUNC(sysdate)+0 AND flag=#{Flag}
		UNION SELECT  nvl(SUM(cnt),0) AS SUM ,'2' AS NO FROM contact_stat WHERE DAY LIKE CONCAT(substr(TRUNC(sysdate)+0,1,6), '%') AND flag=#{Flag}
		UNION SELECT  nvl(SUM(cnt),0) AS SUM ,'3' AS NO FROM contact_stat WHERE flag=#{Flag}
		order by no 
	</select>
	
	<select id="connectCountWeek" parameterType="hashmap" resultMap="vodLog">
 
		<foreach collection="list" item="item" index="index" separator=" union ">
            select  nvl(sum(cnt),0) as sum , #{item} as sdate  
			from contact_stat
			where day = #{item} and flag=#{Flag}
 
		</foreach>
		 order by sdate
 	</select>
 	
 	<select id="connectCountMonth" parameterType="hashmap" resultMap="vodLog">
 
		<foreach collection="list" item="item" index="index" separator=" union ">
            select  nvl(sum(cnt),0) as sum , #{item} as sdate  
			from contact_stat
			where day = #{item} and flag=#{Flag}
 
		</foreach>
		 order by sdate
 	</select>
 	
 	<select id="connectCountYear" parameterType="hashmap" resultMap="vodLog">
 
		<foreach collection="list" item="item" index="index" separator=" union ">
            select  nvl(sum(cnt),0) as sum , #{item} as sdate  
			from contact_stat
			where day like '${item}%' and flag=#{Flag}
 
		</foreach>
		 order by sdate
 	</select>
 	
 	
 	<select id="selectVodLogListAll" parameterType="hashmap" resultMap="vodLog">
			SELECT a.*, b.title
					FROM vod_log a LEFT JOIN vod_media b  ON a.vod_code = b.ocode
				WHERE 1=1
			 
		<if test="vodId != null and vodId != ''  ">
		<![CDATA[	and ( a.vod_id = #{vodId}  ) ]]> 
		</if> 
		<if test="vodCode != null and vodCode != ''  ">
		<![CDATA[  and ( a.vod_code = #{vodCode}  ) ]]> 
		</if>
		<if test="sdate != null and sdate != ''  ">
			<![CDATA[ and ( DATE_FORMAT(#{sdate}, '%Y-%c-%d') <=  DATE_FORMAT(a.regDate, '%Y-%c-%d')   ) ]]> 
		</if>
		<if test="edate != null and edate != ''  ">
			<![CDATA[ and ( DATE_FORMAT(#{edate}, '%Y-%c-%d') >=  DATE_FORMAT(a.regDate, '%Y-%c-%d')   ) ]]> 
		</if>
		 	
		order by a.no desc 
      
	</select>	
	<select id="selectVodLogListLiveAll" parameterType="hashmap" resultMap="vodLog">
			SELECT a.*, b.rtitle as title
			FROM live_log a LEFT JOIN live_media b  ON a.vod_code = b.rcode
			WHERE 1=1
			 
		<if test="vodId != null and vodId != ''  ">
		<![CDATA[	and ( a.vod_id = #{vodId}  ) ]]> 
		</if> 
		<if test="vodCode != null and vodCode != ''  ">
		<![CDATA[  and ( a.vod_code = #{vodCode}  ) ]]> 
		</if>
		<if test="sdate != null and sdate != ''  ">
			<![CDATA[ and ( DATE_FORMAT(#{sdate}, '%Y-%c-%d') <=  DATE_FORMAT(a.regDate, '%Y-%c-%d')  ) ]]> 
		</if>
		<if test="edate != null and edate != ''  ">
			<![CDATA[ and ( DATE_FORMAT(#{edate}, '%Y-%c-%d') >=  DATE_FORMAT(a.regDate, '%Y-%c-%d')   ) ]]> 
		</if>
		 	
		order by a.no desc 
     
	</select>	
	
		<insert id="counterInsert" parameterType="hashmap"> 
	 
	 MERGE into counter 
	 		using DUAL
	 		ON (gubunCode = #{gubunCode} AND countYField=#{countYField}
	 		 AND countMField=#{countMField} AND countDField=#{countDField}
	 		)
	 	WHEN MATCHED THEN
	 	UPDATE  SET counter = counter+1
	 	WHEN NOT MATCHED THEN	 		 	
	 	INSERT (gubunCode, countYField, countMField, countDField, counter, countFlag, gubunCtn) 
	 	VALUES(#{gubunCode}, #{countYField}, #{countMField}, #{countDField}, 1, #{countFlag}, #{gubunCtn})
	 	
	 	
	</insert>
 
	 <insert id="contactStatInsert" parameterType="hashmap">

	 	MERGE into contact_stat 
	 		using DUAL
	 		ON (DAY =   to_char( trunc(sysdate), 'YYYYMMDD' )  AND flag = #{flag})
	 	WHEN MATCHED THEN
	 	UPDATE  SET cnt = cnt +1  
	 	WHEN NOT MATCHED THEN	 		 	
	 	INSERT ( DAY,DAYOFWEEK,cnt, flag) VALUES(  to_char( trunc(sysdate), 'YYYYMMDD' )  ,to_char(sysdate, 'd'),1, #{flag})
	 </insert>
	 
	 <insert id="pageCnnCnt" parameterType="hashmap" >

		
		MERGE into page_cnn_cnt 
	 		using DUAL
	 		ON (DAY =  trunc(sysdate) AND flag = #{flag})
	 	WHEN MATCHED THEN
	 	UPDATE  SET cnt = cnt +1  
	 	WHEN NOT MATCHED THEN	 		 	
	 	INSERT ( cnt,DAY,flag) VALUES(1,trunc(sysdate),#{flag} )
	 	
	</insert>
 	
 	<insert id="webLogInsert" parameterType="hashmap" >
	 INSERT INTO web_log (log_seq, log_ip, log_date, log_referer, log_uri, log_query, log_agent, log_sessionID,  log_day, log_method)
	 <![CDATA[   
	 values(WEBLOG_SEQ.nextval, #{logIp} ,sysdate,#{logReferer,jdbcType=VARCHAR},#{logUri},#{logAuery,jdbcType=VARCHAR},#{logAgent,jdbcType=CLOB },#{logSessionID},to_char(sysdate, 'd'),#{logMethod}) 
	 ]]> 
	</insert>
	
</mapper>
