<?xml version="1.0" encoding="UTF-8"?>
<!DOCTYPE mapper PUBLIC "-//mybatis.org//DTD Mapper 3.0//EN" "http://mybatis.org/dtd/mybatis-3-mapper.dtd">
<mapper namespace="com.withus.userInfo.dao.UserInfoMapper">
<resultMap id="userInfoVo" type="com.withus.userInfo.dao.UserInfoVo">
	<result property="id" column="id" />
	<result property="empId" column="emp_id" />
	<result property="img" column="img" />
	<result property="regDate" column="reg_date" />
	<result property="authKey" column="auth_key" />
	<result property="revels" column="revels" />
	<result property="approval" column="approval" />
</resultMap>


<insert id="insertUserInfo" >
INSERT INTO TB_CALNOTE_INFO
(
	id
	,emp_id
	,img
	,reg_date
	,auth_key
	,revels
	,approval
)VALUES (
#{id, jdbcType=VARCHAR}
,#{empId, jdbcType=VARCHAR}
,#{img, jdbcType=VARCHAR}
,#{authKey, jdbcType=VARCHAR}
,#{revels, jdbcType=NUMERIC}
,#{approval, jdbcType=VARCHAR}
,sysdate
)

</insert>


<select id = "getUserInfo" parameterType="hashmap" resultMap="userInfoVo">
select * from user_info where id = #{id}
</select>

<update id="updateUserInfo">
update user_info
<set>
<if test="empId != null"> emp_id=#{empId, jdbcType=VARCHAR},</if>
<if test="img != null"> img=#{img, jdbcType=VARCHAR},</if>
<if test="authKey != null"> auth_key=#{authKey, jdbcType=NUMERIC},</if>
<if test="revels != null"> revels=#{revels, jdbcType=VARCHAR},</if>
<if test="approval != null"> approval=#{approval, jdbcType=VARCHAR},</if>
</set>
where id=#{id, id=VARCHAR}
</update>

	<delete id="deleteUserInfo" >
		delete from user_info WHERE id = #{id} 
 	</delete>




</mapper>