<?xml version="1.0" encoding="UTF-8"?>
<!DOCTYPE mapper PUBLIC "-//mybatis.org//DTD Mapper 3.0//EN" "http://mybatis.org/dtd/mybatis-3-mapper.dtd">
<mapper namespace="com.withus.aop.dao.AopMapper">
 
    
	<insert id="webLogInsert" parameterType="hashmap" >
	 INSERT INTO web_log (log_ip, log_date, log_referer, log_uri, log_query, log_agent, log_sessionID,  log_day, log_method)
	 values(#{logIp} ,sysdate,#{logReferer},#{logUri},#{logAuery},#{logAgent},#{logSessionID},to_char(sysdate, 'd'),#{logMethod}) 
	</insert>
	
	<insert id="pageCnnCnt" parameterType="hashmap" >
		INSERT INTO page_cnn_cnt (cnt,DAY,flag) VALUES(1,CURDATE(),#{flag} ) ON DUPLICATE KEY UPDATE cnt = cnt +1 
	</insert>
	
	<insert id="vodLogInsert" parameterType="hashmap">
	 insert into vod_log (ip,vod_id,vod_name, vod_buseo,vod_gray,regDate,vod_code,oflag) 
	 values ( #{vodIp}  , #{vodId}, #{vodName}, #{vodBuseo}, #{vodGray},  trunc(sysdate), #{vodCode}, #{oflag} )
	</insert>
 
 	<insert id="counterInsert" parameterType="hashmap">
	insert into counter(gubunCode, countYField, countMField, countDField, counter, countFlag, gubunCtn) 
	values(#{gubunCode}, #{countYField}, #{countMField}, #{countDField}, 1, #{countFlag}, #{gubunCtn})
	 on duplicate key update counter = counter+1
	</insert>
 
	 <insert id="contactStatInsert" parameterType="hashmap">
	 	INSERT INTO contact_stat (DAY,DAYOFWEEK,cnt, flag) VALUES( trunc(sysdate) ,to_char(sysdate, 'd'),1, #{flag}) ON DUPLICATE KEY UPDATE cnt = cnt +1;
	 </insert>
 	
    
</mapper>