<?xml version="1.0" encoding="UTF-8"?>
<!DOCTYPE mapper PUBLIC "-//mybatis.org//DTD Mapper 3.0//EN" "http://mybatis.org/dtd/mybatis-3-mapper.dtd">
<mapper namespace="com.withus.commons.uploadFile.dao.UploadFileMapper">  
    <resultMap id="uploadFileVo" type="com.withus.commons.uploadFile.service.UploadFileVo">
    
    	<result property="seq" column="seq" />
		<result property="orgName" column="org_name" />
		<result property="fileName" column="file_name" />
		<result property="fileSize" column="file_size" />
		<result property="ocode" column="ocode" />
		<result property="flag" column="flag" />
		<result property="type" column="type" />
		<result property="saveDir" column="save_dir" />
		<result property="attachNo" column="attachNo" />
		
    </resultMap>
 

	<insert id="insertAttachFile" > 

		INSERT INTO attach_file (org_name, file_name, file_size, ocode, flag, type,save_dir, attachNo)
		values (#{orgName}, #{fileName},#{fileSize},#{ocode},#{flag} ,#{type},#{saveDir}, #{attachNo})
	</insert>
	
	<insert id="insertAttachFile2" > 
		<selectKey resultType="int" keyProperty="attachNo" order="BEFORE">
        SELECT MAX(attachNo)+1 FROM attach_file        
    	</selectKey>  
		INSERT INTO attach_file (org_name, file_name, file_size, ocode, flag, type, save_dir,attachNo)
		values (#{orgName}, #{fileName},#{fileSize},#{ocode},#{flag} ,#{type}, #{saveDir},#{attachNo})
	</insert>
	
	<select id="getUploadFileList" parameterType="hashmap" resultMap="uploadFileVo">
		SELECT * FROM attach_file
		WHERE ocode = #{ocode} and flag=#{flag} 
		ORDER BY seq desc 
	</select>
	
	<select id="getUploadFileListType" parameterType="hashmap" resultMap="uploadFileVo">
		SELECT * FROM attach_file
		WHERE ocode = #{ocode} and flag=#{flag} and type=#{type}
		ORDER BY seq desc 
	</select>
	 
	
	<select id="getUploadFile" parameterType="Integer" resultMap="uploadFileVo">
		SELECT * FROM attach_file
		WHERE seq = #{seq}
	</select>
	
	<delete id="deleteAttachFile">
		<![CDATA[
			DELETE FROM attach_file 
						WHERE seq=#{seq}
				]]>
	</delete>
	
	
	<delete id="deleteAttachFileAll">
		<![CDATA[
			DELETE FROM attach_file 
						WHERE ocode = #{ocode} and flag=#{flag} 
				]]>
	</delete>
	
	
	<delete id="deleteSelect" parameterType="hashmap">
        delete from attach_file where seq in (
        <foreach collection="list" item="item" index="index" separator=" , ">
             #{item}  
		</foreach>
        )
 </delete>
 
 
 <select id="getUploadFileListReAll" parameterType="hashmap" resultMap="uploadFileVo">
 
		 SELECT a.* FROM attach_file a
		LEFT JOIN support_re b ON a.ocode  = CAST(b.r_pid AS CHAR)
		LEFT JOIN support c ON c.pid= b.pid
		 WHERE c.pid = #{ocode} and a.flag=#{flag} 
		 ORDER BY a.seq desc 
  
	</select>
	
</mapper>
