<?xml version="1.0" encoding="UTF-8"?>
<!DOCTYPE mapper PUBLIC "-//mybatis.org//DTD Mapper 3.0//EN" "http://mybatis.org/dtd/mybatis-3-mapper.dtd">
<mapper namespace="com.withus.proHistory.dao.ProHistoryMapper"> 
 
	<resultMap id="proHistory" type="com.withus.proHistory.dao.ProHistoryVO">
		<result property="seq" column="seq" />
		<result property="proId" column="pro_id" />
		<result property="userId" column="user_id" />
		<result property="state" column="state" />
		<result property="regDate" column="reg_date" />
		<result property="procDate" column="proc_date" />
		<result property="comments" column="comments" />
	</resultMap>
	<insert id="insertProHistory">
	<selectKey keyProperty="state" resultType="String" order="BEFORE"> 
	SELECT state FROM processing WHERE seq=#{proId}
	</selectKey>
		<![CDATA[
			INSERT INTO pro_history 
				(  seq
				  , pro_id
				  , user_id
				  , state
				  , reg_date
				  , proc_date
				  , comments
				  )
			VALUES (PHT_SEQ.NEXTVAL
				  ,#{proId}
				  ,#{userId}
				  ,#{state, jdbcType=VARCHAR}
				  ,sysdate
				  ,sysdate
				  ,#{comments, jdbcType=VARCHAR})
		]]>
		

	</insert>
	<select id="selectProHistoryListTotCnt" parameterType="hashmap" resultType="int">
			SELECT COUNT(*) totcnt
			FROM pro_history
			WHERE 1=1 
			<if test="proId != null and proId != ''">
				and pro_id = #{proId} 
			</if>
			 
	</select>
	<select id="selectProHistoryList" parameterType="hashmap" resultMap="proHistory">
	SELECT * FROM ( SELECT TB.*, rownum rn  FROM (
			SELECT * FROM pro_history
			WHERE 1=1
			 <if test="proId != null and proId != ''">
				and pro_id = #{proId} 
			</if>
			 order by reg_date desc 
			 )  TB ) WHERE rn BETWEEN ${end} + 1 AND ${end} + ${start}
	         <!-- limit ${start} offset ${end}		 -->
	</select>	
	
</mapper>
