<?xml version="1.0" encoding="UTF-8"?>
<!DOCTYPE mapper PUBLIC "-//mybatis.org//DTD Mapper 3.0//EN" "http://mybatis.org/dtd/mybatis-3-mapper.dtd">
<mapper namespace="com.withus.member.dao.MemberMapper">

    <resultMap id="memberVo" type="com.withus.member.dao.MemberVo"> 
		<result property="code" column="code" />
		<result property="id" column="id" />
		<result property="userpassword" column="userpassword" />
		<result property="name" column="name" />
		<result property="email" column="email" />
		<result property="sex" column="sex" />
		<result property="tel" column="tel" />
		<result property="hp" column="hp" />
		<result property="zip" column="zip" />
		<result property="address1" column="address1" />
		<result property="address2" column="address2" />
		<result property="levels" column="levels" />
		<result property="officeName" column="office_name" />
		<result property="useMailling" column="use_mailling" />
		<result property="loginCount" column="login_count" />
		<result property="joinDate" column="join_date" />
		<result property="authKey" column="auth_key" />
		<result property="approval" column="approval" />
		<result property="pwdAskNum" column="pwd_ask_num" />
		<result property="pwdAnswer" column="pwd_answer" />
		<result property="memberGroup" column="member_group" />
		<result property="buseo" column="buseo" />
		<result property="gray" column="gray" />
		<result property="delFlag" column="del_flag" />
		<result property="ssn" column="ssn" />
		<result property="leaveDate" column="leave_date" />
		<result property="lastloginDate" column="lastlogin_date" />
		<result property="passchangeDate" column="passchange_date" />
		<result property="ipost" column="ipost" />
		<result property="dept" column="dept" />
		<result property="dept_cd_" column="dept_cd_" />
	</resultMap>
	

    
    <select id="getTotalRecord" parameterType="hashmap" resultType="int">
		SELECT count(*) FROM member where 1=1   and del_flag='N'
 
			<choose> 
                <when test="searchWord != null and searchWord != '' and searchFild != null and searchFild != '' and (searchFild.equals('name')  or searchFild.equals('email') ) ">
                   <![CDATA[	and ( ${searchFild} = #{searchWord} ) ]]>
                </when>
                 <when test="searchWord != null and searchWord != '' and searchFild != null and searchFild != '' and searchFild.equals('dept_cd_')">
               	 <foreach collection="dept" item="item" index="index" open="and" separator="or" >
			   	 <![CDATA[ dept LIKE '%'||#{ item}||'%'  ]]>
				 </foreach>
                </when> 
                <when test="searchWord != null and searchWord != '' and searchFild != null and searchFild != '' ">
                 <![CDATA[	and ( ${searchFild} LIKE '%' ||#{searchWord}|| '%'  ) ]]>
                </when> 
                
                <when test="searchLevel != null and searchLevel != '' ">
                 <![CDATA[	and levels = ${searchLevel} ]]>
                </when> 
                
                <otherwise>
                   
                </otherwise> 
            </choose>
            
	</select> 
	
	    <select id="getMemberList" parameterType="hashmap" resultMap="memberVo">
	    SELECT * FROM ( SELECT rownum rn, TB.* FROM (
       SELECT  member.*,(SELECT ctitle FROM category WHERE ctype = 'B' AND CINFO ='A'  AND MEMO = member.dept) AS DEPT_CD_
        FROM member where 1=1 and del_flag='N'
        	  <choose> 
                <when test="searchWord != null and searchWord != '' and searchFild != null and searchFild != '' and (searchFild.equals('name')  or searchFild.equals('email') ) ">
                   <![CDATA[	and ( ${searchFild} = #{searchWord} ) ]]>
                </when>
                 <when test="searchWord != null and searchWord != '' and searchFild != null and searchFild != '' and searchFild.equals('dept_cd_')">
               	 <foreach collection="dept" item="item" index="index" open="and" separator="or" >
			   	 <![CDATA[ dept LIKE '%'||#{ item}||'%'  ]]>
				 </foreach>
                </when>
                <when test="searchWord != null and searchWord != '' and searchFild != null and searchFild != '' ">
                 <![CDATA[	and ( ${searchFild} LIKE '%' ||#{searchWord} ||'%'  ) ]]>
                </when> 
                <otherwise>
                   
                </otherwise> 
            </choose> 
            <if test="searchLevel != null and searchLevel != '' ">
             <![CDATA[	and levels = ${searchLevel} ]]>
            </if>
			order by id asc 
			)  TB ) WHERE rn BETWEEN ${end} + 1 AND ${end} + ${start}
<!--         	 limit ${start} offset ${end} -->
         
    </select>
    
    
    <insert id="insert" >
		INSERT INTO member 
		(id,code,userpassword,name,email,sex,tel,hp,zip,address1,address2,levels,office_name,use_mailling,login_count,join_date,
		auth_key,approval,pwd_ask_num,pwd_answer,member_group,buseo,gray,del_flag,ssn,leave_date,lastlogin_date,passchange_date, ipost, dept)
		VALUES
		(#{id, jdbcType=VARCHAR},MEM_SEQ.nextval,#{userpassword, jdbcType=VARCHAR},#{name, jdbcType=VARCHAR},#{email, jdbcType=VARCHAR},#{sex, jdbcType=VARCHAR},#{tel, jdbcType=VARCHAR},#{hp, jdbcType=VARCHAR},#{zip, jdbcType=VARCHAR},#{address1, jdbcType=VARCHAR},#{address2, jdbcType=VARCHAR},#{levels, jdbcType=NUMERIC},#{officeName, jdbcType=VARCHAR},#{useMailling, jdbcType=VARCHAR}, 0, sysdate,
		 #{authKey, jdbcType=VARCHAR}, #{approval}, #{pwdAskNum, jdbcType=NUMERIC}, #{pwdAnswer, jdbcType=VARCHAR}, #{memberGroup, jdbcType=VARCHAR}, #{buseo, jdbcType=VARCHAR}, #{gray, jdbcType=VARCHAR}, 'N', #{ssn, jdbcType=VARCHAR},sysdate,#{lastloginDate, jdbcType=DATE}, sysdate,#{ipost, jdbcType=CHAR},#{dept, jdbcType=VARCHAR})
	</insert>
	
	<insert id="insert2" >
		INSERT INTO member 
		(id,userpassword,name,email,sex,tel,hp,zip,address1,address2,levels,office_name,use_mailling,login_count,join_date,
		auth_key,approval,pwd_ask_num,pwd_answer,member_group,buseo,gray,del_flag,ssn,leave_date,lastlogin_date,passchange_date, ipost)
		VALUES
		(#{id},#{userpassword},#{name},#{email},#{sex},#{tel},#{hp},#{zip},#{address1},#{address2},#{levels},#{officeName},#{useMailling}, 0, sysdate,
		 #{authKey}, #{approval}, #{pwdAskNum}, #{pwdAnswer}, #{memberGroup}, #{buseo}, #{gray}, 'N', #{ssn},sysdate,sysdate, sysdate,#{ipost})
	</insert>
	
	<update id="update" >
		update member 
		<set>  
		<if test="email != null">email=#{email},</if>
		<if test="sex != null">sex=#{sex},</if>
		<if test="tel != null">tel=#{tel},</if>
		<if test="hp != null">hp=#{hp},</if>
		<if test="zip != null">zip=#{zip},</if>
		<if test="address1 != null">address1=#{address1},</if>
		<if test="address2 != null">address2=#{address2},</if>
		<if test="levels != null">levels=#{levels},</if>
		<if test="officeName != null">office_name=#{officeName},</if>
		<if test="useMailling != null">use_mailling=#{useMailling},</if>
		
		<if test="authKey != null">auth_key=#{authKey},</if>
		<if test="approval != null">approval=#{approval},</if>
		<if test="pwdAskNum != null">pwd_ask_num=#{pwdAskNum},</if>
		<if test="pwdAnswer != null">pwd_answer=#{pwdAnswer},</if>
		<if test="memberGroup != null">member_group=#{memberGroup},</if>
		<if test="buseo != null">buseo=#{buseo},</if>
		<if test="gray != null">gray=#{gray},</if>
		<if test="ssn != null">ssn=#{ssn},</if>
		<if test="ipost != null">ipost=#{ipost},</if>
		<if test="dept != null">dept=#{dept},</if>
		</set>
		 where id=#{id} 
	</update>
	
	
	<update id="deleteMember2" >
		update member 
		set
		del_flag='Y'
		where id=#{id} 
	</update>
	<delete id="deleteMember" >
		delete from member WHERE id = #{id}
	</delete>
	
	<select id="login" parameterType="String" resultMap="memberVo">
		SELECT *
		FROM member
		WHERE id = #{id} and userpassword=#{userpassword}
	</select>
	
	<select id="selectDept" parameterType="String" resultType="String">
		SELECT dept
		FROM member
		WHERE id = #{id}
	</select>
	
	
	<select id="memberInfo" parameterType="String" resultMap="memberVo">
        SELECT  * FROM member
        	where del_flag='N' and id=#{id}         
    </select>
	
	
	<insert id="insertAuthority">
		INSERT INTO member_authority VALUES (#{id}, #{authority})
	</insert>
	
	<delete id="deleteAuthority" parameterType="String">
		delete from member_authority WHERE id = #{id}
	</delete>
	
	
	 <select id="checkId"  resultType="int">
		SELECT count(id) FROM member where id=#{id}
	</select> 
	  
	<insert id="loginHistory" parameterType="hashmap" >
		INSERT INTO login_history (user_id, user_ip, input_date, input_flag) VALUES (#{id},#{ip},sysdate,#{flag})
	</insert> 
	
	<update id="pwdUpdate" parameterType="hashmap" >
	<![CDATA[
		update member 
		set
		userpassword =#{userpassword}
		where id=#{id} 
	]]>
	</update>
	
	<update id="updateApproval" parameterType="hashmap" >
	<![CDATA[
		update member 
		set
		approval =#{approval}
		where id=#{id} 
	]]>
	</update>
	
	<update id="pwdUpdate_user" parameterType="hashmap" >
	<![CDATA[
		update member 
		set
		userpassword =#{userpassword}
		where id=#{id} 
		and userpassword =#{oldPwd}
	]]>
	</update>
	
	<select id="findMember" parameterType="hashmap" resultMap="memberVo">
        SELECT  * FROM member
        	where del_flag='N' and name=#{name}  and email=#{email}               
    </select>
    
    <select id="findMemberId_Hp" parameterType="hashmap" resultMap="memberVo">
        SELECT  * FROM member
        	where del_flag='N' and name=#{name}  and hp=#{hp}               
    </select>
    
    
    <select id="findMemberId" parameterType="hashmap" resultMap="memberVo">
        SELECT  * FROM member
        	where del_flag='N' and id=#{id} and name=#{name}  and email=#{email}            
    </select>
	
	
	 <select id="getMemberListAll" parameterType="hashmap" resultMap="memberVo">
        SELECT  * FROM member where 1=1 and del_flag='N'
        	  <choose> 
                <when test="searchWord != null and searchWord != '' and searchFild != null and searchFild != '' and (searchFild.equals('name')  or searchFild.equals('email') ) ">
                   <![CDATA[	and ( ${searchFild} = #{searchWord} ) ]]>
                </when>
                <when test="searchWord != null and searchWord != '' and searchFild != null and searchFild != '' ">
                 <![CDATA[	and ( ${searchFild} LIKE CONCAT('%',#{searchWord},'%')  ) ]]>
                </when> 
                 <when test="searchLevel != null and searchLevel != '' ">
                 <![CDATA[	and levels = ${searchLevel} ]]>
                </when> 
                <otherwise>
                   
                </otherwise> 
            </choose> 
		order by id asc 
    
    </select>
    
	
	 <select id="questionList_Dcode" resultMap ="memberVo" parameterType="hashmap">
 	 	SELECT DISTINCT a.*  FROM member a  LEFT JOIN support_question b  ON a.id=b.id
 	 	WHERE 1=1 and b.dcode in (
 	 	<foreach collection="dcodeList" item="item" index="index" separator=" , ">
		             #{item}  
		</foreach>
		)
 	  </select>
		  
	<insert id="insert_visit" parameterType="hashmap" >
	
		
		MERGE into visit_mem 
	 		using DUAL
	 		ON (mem_id =#{mem_id} and inman =#{inman} and  to_date(indate,'YYY-MM-DD') = trunc(sysdate) )
	  	WHEN NOT MATCHED THEN	 		 	
	 	INSERT (mem_id, inman, indate) VALUES( #{mem_id},#{inman},trunc(sysdate) )
	 	
 		
<!-- 		INSERT INTO visit_mem (mem_id, inman, indate )   -->
<!-- 		SELECT #{mem_id},#{inman}, sysdate FROM DUAL -->
<!-- 		WHERE  NOT IN (SELECT mem_id, inman, indate FROM visit_mem WHERE mem_id=#{mem_id} AND inman=#{inman}  -->
<!-- 		AND to_date(indate,'YYY-MM-DD') = trunc(sysdate) )   -->
		
	</insert> 
	
	<select id="total_visit"  resultType="int">
	  SELECT  COUNT(mem_id) as id from visit_mem where 1=1   
	</select>
	
	<select id="today_visit" resultType="int">
	 	  SELECT  COUNT(mem_id) AS id FROM visit_mem WHERE trunc(sysdate) = to_date(indate,'YYY-MM-DD')
	</select>
	
	<select id="readUserInfoList" parameterType="hashmap" resultMap="memberVo">
	 	  SELECT  * FROM member where 1=1   
	 	  <if test="userIds != null and userIds != ''">
	 	  and id in(
	 	  	<foreach collection="userIds" item="item" index="index" separator=" , ">
		             #{item}  
			</foreach>
			)
		</if>
		
	</select>
	
	
	
</mapper>