<?xml version="1.0" encoding="UTF-8"?>
<!DOCTYPE mapper PUBLIC "-//mybatis.org//DTD Mapper 3.0//EN" "http://mybatis.org/dtd/mybatis-3-mapper.dtd">
<mapper namespace="com.withus.webLog.dao.WebLogMapper">
 
    <resultMap id="webLogVo" type="com.withus.webLog.dao.WebLogVO"> 
		<result property="logSeq" column="log_seq" />
		<result property="logIp" column="log_ip" />
		<result property="logDate" column="log_date" />
		<result property="logReferer" column="log_referer" />
		<result property="logUri" column="log_uri" />
		<result property="logQuery" column="log_query" />
		<result property="logAgent" column="log_agent" />
		<result property="logSessionid" column="log_sessionID" />
		<result property="logDay" column="log_day" />
		<result property="logMethod" column="log_method" />
	</resultMap>
	
	<insert id="insertWebLog">
		<![CDATA[
			INSERT INTO web_log 
				(   log_ip
				  , log_date
				  , log_referer
				  , log_uri
				  , log_query
				  , log_agent
				  , log_sessionID
				  , log_day
				  , log_method )
			VALUES ( #{logIp}
				  ,sysdate
				  ,#{logReferer}
				  ,#{logUri}
				  ,#{logQuery}
				  ,#{logAgent}
				  ,#{logSessionid}
				  ,#{logDay}
				  ,#{logMethod} )
		]]>
	</insert>
	
	 
	
	<select id="selectWebLogList" parameterType="hashmap" resultMap="webLogVo">
	SELECT * FROM ( SELECT rownum rn, TB.* FROM (
			SELECT
								log_seq
								, log_ip
								, log_date
								, log_referer
								, log_uri
								, log_query
								, log_agent
								, log_sessionID
								, log_day
								, log_method
					FROM web_log
			WHERE 1=1
			
	
		<if test="searchWord != null and searchWord != '' and searchFild != null and searchFild != 'All' ">
		<![CDATA[	and ( ${searchFild} LIKE CONCAT('%',#{searchWord},'%')  ) ]]>
		</if> 
		
		<if test="sdate != null and sdate != ''  ">
			<![CDATA[ and ( to_date(#{sdate}, 'YYYY-MM-DD') <=   to_char( trunc(log_date), 'YYYY-MM-DD' )   ) ]]> 
		</if>
		<if test="edate != null and edate != ''  ">
			<![CDATA[ and ( to_date(#{edate}, 'YYYY-MM-DD') >=   to_char( trunc(log_date), 'YYYY-MM-DD' )   ) ]]> 
		</if>
		
		 	
		order by log_seq desc
		)  TB ) WHERE rn BETWEEN ${end} + 1 AND ${end} + ${start}
<!--          limit ${start} offset ${end} -->
	</select>	
	<select id="selectWebLogListTotCnt" parameterType="hashmap" resultType="int">
			SELECT COUNT(*) totcnt
			FROM web_log
			WHERE 1=1

			<if test="searchWord != null and searchWord != '' and searchFild != null and searchFild != 'All' ">
			<![CDATA[	and ( ${searchFild} LIKE CONCAT('%',#{searchWord},'%')  ) ]]>
			</if> 
			<if test="sdate != null and sdate != ''  ">
			<![CDATA[ and ( to_date(#{sdate}, 'YYYY-MM-DD') <=   to_char( trunc(log_date), 'YYYY-MM-DD' )   ) ]]> 
		</if>
		<if test="edate != null and edate != ''  ">
			<![CDATA[ and ( to_date(#{edate}, 'YYYY-MM-DD') >=   to_char( trunc(log_date), 'YYYY-MM-DD' )   ) ]]> 
		</if>
	</select>
	
	
	<select id="selectWebLogListAll" parameterType="hashmap" resultMap="webLogVo">
			SELECT * FROM web_log
			WHERE 1=1 
	
		<if test="searchWord != null and searchWord != '' and searchFild != null and searchFild != 'All' ">
		<![CDATA[	and ( ${searchFild} LIKE CONCAT('%',#{searchWord},'%')  ) ]]>
		</if> 
		<if test="sdate != null and sdate != ''  ">
			<![CDATA[ and ( to_date(#{sdate}, 'YYYY-MM-DD') <=   to_char( trunc(log_date), 'YYYY-MM-DD' )  ) ]]> 
		</if>
		<if test="edate != null and edate != ''  ">
			<![CDATA[ and ( to_date(#{edate}, 'YYYY-MM-DD') >=   to_char( trunc(log_date), 'YYYY-MM-DD' )  ) ]]> 
		</if>
		 	
		order by log_seq desc 
 
	</select>
	
	
	
</mapper>