<?xml version="1.0" encoding="UTF-8"?>
<!DOCTYPE mapper PUBLIC "-//mybatis.org//DTD Mapper 3.0//EN" "http://mybatis.org/dtd/mybatis-3-mapper.dtd">


<mapper namespace="com.withus.siteSkin.dao.SiteSkinMapper"> 
	 
	<resultMap id="siteSkin" type="com.withus.siteSkin.dao.SiteSkinVO">
		<result property="seq" column="seq" />
		<result property="title" column="title" />
		<result property="description" column="description" />
		<result property="path" column="path" />
		<result property="memo" column="memo" />
		<result property="img" column="img" />
		<result property="newVideoLimit" column="newVideoLimit" />
		
	</resultMap>
	
	<insert id="insertSiteSkin">
		<![CDATA[
			INSERT INTO site_skin 
				( title
				  , description
				  , path
				  , memo
				  ,newVideoLimit
				  ,boardLimit
				  )
			VALUES (
				   #{title}
				  , #{description}
				  , #{path}
				  , #{memo} 
				  ,#{newVideoLimit}
				  ,#{boardLimit}
				  )
		]]>
		<selectKey resultType="int" keyProperty="seq" order="AFTER">
            SELECT LAST_INSERT_ID() 
        </selectKey>
	</insert>
	
	<update id="updateSiteSkin">
		<![CDATA[
			UPDATE site_skin
			SET  title=#{title}
				, description=#{description}
				, path=#{path}
				, memo=#{memo}
 				, newVideoLimit=#{newVideoLimit}
 				, boardLimit=#{boardLimit}
				where seq=#{seq}
				
			]]>
	</update>
	
	<delete id="deleteSiteSkin">
		<![CDATA[
			DELETE FROM site_skin where seq=#{seq}
			]]>
	</delete>
	
	<select id="selectSiteSkin" resultMap="siteSkin">
		<![CDATA[
			SELECT
				a.*, b.file_name as img
			FROM site_skin a left join attach_file b on a.seq = b.ocode and b.flag='S' 
			where a.seq = #{seq}
			]]>
	</select>
	
	<select id="selectSiteSkinList" parameterType="hashmap"  resultMap="siteSkin" >
			SELECT a.*, b.file_name as img
			FROM site_skin a left join attach_file b on a.seq = b.ocode and b.flag='S'
			ORDER BY a.seq desc
			limit ${start} offset ${end} 	
	</select>	
	<select id="selectSiteSkinListTotCnt"  resultType="int">
			SELECT COUNT(*) totcnt
			FROM site_skin
			WHERE 1=1
			 
	</select>

</mapper>
