<?xml version="1.0" encoding="UTF-8"?>
<!DOCTYPE mapper PUBLIC "-//mybatis.org//DTD Mapper 3.0//EN" "http://mybatis.org/dtd/mybatis-3-mapper.dtd">
<mapper namespace="com.withus.boardlist.dao.BoardListMapper">


	<resultMap id="boardListVo" type="com.withus.boardlist.dao.BoardListVO">
		<result property="listId" column="list_id" />
		<result property="boardId" column="board_id" />
		<result property="seq" column="seq" />
		<result property="listName" column="list_name" />
		<result property="listTitle" column="list_title" />
		<result property="listContents" column="list_contents" />
		<result property="listEmail" column="list_email" />
		<result property="listLink" column="list_link" />
		<result property="listPasswd" column="list_passwd" />
		<result property="listReLevel" column="list_re_level" />
		<result property="listReadCount" column="list_read_count" />
		<result property="listRef" column="list_ref" />
		<result property="listStep" column="list_step" />
		<result property="listHtmlUse" column="list_html_use" />
		<result property="listDate" column="list_date" />
		<result property="listOpen" column="list_open" />
		<result property="openSpace" column="open_space" />
		<result property="delFlag" column="del_flag" />
		<result property="ip" column="ip" />
		<result property="listSecurity" column="list_security" />
		<result property="rsdate" column="rsdate" />
		<result property="redate" column="redate" />
		<result property="dupinfo" column="dupinfo" />
		<result property="hogi" column="hogi" />
		<result property="cycle" column="cycle" />
		<result property="dupinfo" column="dupinfo" />
		 
		<result property="doc_num" column="doc_num" />
		<result property="data_type" column="data_type" />
		<result property="doc_type" column="doc_type" />
		<result property="bu_name" column="bu_name" />
		<result property="in_dept" column="in_dept" />
		<result property="distribution" column="distribution" />
		<result property="buseo" column="buseo" />
		<result property="data_type" column="data_type" />
		<result property="hcode" column="hcode" />
		<result property="mem_id" column="mem_id" />
		<result property="attcnt" column="attcnt" />
		
		
		
	</resultMap>

	<insert id="insertBoardList">

		<selectKey resultType="int" keyProperty="listId" order="BEFORE">
			SELECT NVL(MAX(list_id)+1, 1) FROM board_list
		</selectKey>

		INSERT INTO board_list
		( seq
		, list_id
		, board_id

		, list_name
		, list_title
		, list_contents
		, list_email
		, list_link
		<!-- , list_passwd -->
		, list_re_level
		, list_read_count
		, list_ref
		, list_step
		, list_html_use
		, list_date
		, list_open
		, open_space
		, del_flag
		, ip
		, list_security
		, rsdate
		, redate
		, dupinfo
		, hogi
		, cycle
		 
	
		,doc_num
		,cycle_code
		,data_type
		,doc_type
		,bu_name
		,in_dept
		,distribution
		,hcode
		,mem_id
		,jfile
		)
		VALUES (
		BLIST_SEQ.nextval
		,#{listId, jdbcType=NUMERIC}
		,#{boardId, jdbcType=NUMERIC}

		,#{listName, jdbcType=VARCHAR}
		,#{listTitle, jdbcType=VARCHAR}
		,#{listContents, jdbcType=CLOB}
		,#{listEmail, jdbcType=VARCHAR}
		,#{listLink, jdbcType=VARCHAR}
		<!-- ,password(#{listPasswd, jdbcType=VARCHAR}) -->
		,0
		,0
		,#{listId, jdbcType=NUMERIC}
		<if test="listStep == null">
			,0
		</if>
		<if test="listStep != null">
			,#{listStep, jdbcType=NUMERIC}
		</if>
		
		,#{listHtmlUse, jdbcType=CHAR}
		,sysdate
		,#{listOpen, jdbcType=CHAR}
		<if test="openSpace != null and openSpace != ''">
		,#{openSpace, jdbcType=CHAR}
		</if>
		<if test="openSpace == null or openSpace == ''">
		,'N'
		</if>
		,'N'
		,#{ip, jdbcType=VARCHAR}
		,#{listSecurity, jdbcType=CHAR}
		,#{rsdate, jdbcType=DATE}
		,#{redate, jdbcType=DATE}
		,#{dupinfo, jdbcType=CHAR}
		,#{hogi, jdbcType=CHAR}
		,#{cycle, jdbcType=CHAR}

		,#{doc_num, jdbcType=CHAR}
		,#{cycle_code, jdbcType=CHAR}
		,#{data_type, jdbcType=CHAR}
		,#{doc_type, jdbcType=CHAR}
		,#{bu_name, jdbcType=CHAR}
		,#{in_dept, jdbcType=CHAR}
		,#{distribution, jdbcType=CHAR}
		,#{hcode, jdbcType=CHAR}
		,#{mem_id, jdbcType=CHAR}
		,#{jfile, jdbcType=VARCHAR}
		)

		<!-- <selectKey resultType="int" keyProperty="seq" order="AFTER"> -->
		<!-- SELECT LAST_INSERT_ID() -->
		<!-- </selectKey> -->


	</insert>

	<update id="updateBoardList">

		UPDATE board_list
		<set>
			list_title=#{listTitle, jdbcType=VARCHAR}
			, list_contents=#{listContents, jdbcType=CLOB}
			<if test="listName != null">, list_name=#{listName, jdbcType=VARCHAR}</if>
			<if test="listEmail != null"> , list_email=#{listEmail, jdbcType=VARCHAR}</if>
			<if test="listLink != null"> , list_link=#{listLink, jdbcType=VARCHAR}</if>
			<!-- <if test="listPasswd != null"> , list_passwd=password(#{listPasswd})</if> -->
			<if test="listReLevel != null"> , list_re_level=#{listReLevel, jdbcType=NUMERIC}</if>

			<!-- <if test="listRef != null"> , list_ref=#{listRef}</if> -->
			<if test="listStep != null"> , list_step=#{listStep, jdbcType=NUMERIC}</if>
			<if test="listHtmlUse != null"> , list_html_use=#{listHtmlUse, jdbcType=CHAR}</if>
			<if test="listDate != null"> , list_date=#{listDate, jdbcType=DATE}</if>
			<if test="listOpen != null"> , list_open=#{listOpen, jdbcType=CHAR}</if>
			<if test="openSpace != null"> , open_space=#{openSpace, jdbcType=CHAR}</if>
			<if test="delFlag != null"> , del_flag=#{delFlag, jdbcType=CHAR}</if>
			<if test="ip != null"> , ip=#{ip, jdbcType=VARCHAR}</if>
			<if test="listSecurity != null"> , list_security=#{listSecurity}</if>
			<if test="rsdate != null"> , rsdate=#{rsdate, jdbcType=DATE}</if>
			<if test="redate != null"> , redate=#{redate, jdbcType=DATE}</if>
			<if test="dupinfo != null"> , dupinfo=#{dupinfo, jdbcType=VARCHAR}</if>
			<if test="hogi != null"> , hogi=#{hogi, jdbcType=VARCHAR}</if>
			<if test="cycle != null"> , cycle=#{cycle, jdbcType=VARCHAR}</if>
		 
			<if test="doc_num != null"> , doc_num=#{doc_num, jdbcType=VARCHAR}</if>
			<if test="cycle_code != null"> , cycle_code=#{cycle_code, jdbcType=VARCHAR}</if>
			
			<if test="data_type != null"> , data_type=#{data_type, jdbcType=VARCHAR}</if>
			<if test="doc_type != null"> , doc_type=#{doc_type, jdbcType=VARCHAR}</if>
			<if test="bu_name != null"> , bu_name=#{bu_name, jdbcType=VARCHAR}</if>
			<if test="in_dept != null"> , in_dept=#{in_dept, jdbcType=VARCHAR}</if>
			<if test="re_indate_1 != null"> , re_indate_1=#{re_indate_1, jdbcType=VARCHAR}</if>
			<if test="re_indate_2 != null"> , re_indate_2=#{re_indate_2, jdbcType=VARCHAR}</if>
			<if test="re_indate_3 != null"> , re_indate_3=#{re_indate_3, jdbcType=VARCHAR}</if>
			<if test="re_indate_4 != null"> , re_indate_4=#{re_indate_4, jdbcType=VARCHAR}</if>
			<if test="distribution != null"> , distribution=#{distribution, jdbcType=VARCHAR}</if>
			<if test="hcode != null"> , hcode=#{hcode, jdbcType=VARCHAR}</if>
			<if test="jfile != null"> , jfile=#{jfile, jdbcType=VARCHAR}</if> 		
			
		</set>
		WHERE list_id=#{listId, jdbcType=NUMERIC}

	</update>




	<update id="updateReadCount" parameterType="int">
		UPDATE board_list
		set
		list_read_count=list_read_count+1 where list_id=#{listId}
	</update>
	<!-- <delete id="deleteBoardList"> -->
	<!-- <![CDATA[ -->
	<!-- DELETE FROM board_list -->
	<!-- WHERE list_id=#{listId} -->
	<!-- ]]> -->
	<!-- </delete> -->

	<update id="deleteBoardList" parameterType="int">
		UPDATE board_list
		set del_flag='Y' 
		where list_id=#{listId} 
		
	</update>



	<select id="selectBoardList" parameterType="int" resultMap="boardListVo">
		<![CDATA[
			SELECT b.*, m.name, m.buseo
			FROM board_list b LEFT JOIN member m ON b.mem_id = m.id
			WHERE b.list_id=#{listId} and b.del_flag='N' and b.list_open='Y'
				]]>
	</select>

	<select id = "selectCheckRow" parameterType ="hashmap" resultMap="boardListVo">
			select  COUNT(list_id)AS list_id from board_list where list_ref=${listRef} and list_re_level= ${listReLevel} and list_step =${listStep} and del_flag='N'
	</select>
	
	<select id="selectBoardListList" parameterType="hashmap"
		resultMap="boardListVo">
		SELECT * FROM ( SELECT rownum rn, TB.* FROM (
		SELECT b.*, (SELECT COUNT(seq) FROM attach_file WHERE flag='B'  AND ocode=b.list_id) AS attcnt , m.name, m.buseo
		FROM board_list b LEFT JOIN member m ON b.mem_id = m.id
		WHERE b.board_id = ${boardId}
		and b.del_flag='N' and b.list_open='Y'
	  <if test="selectCode != null and selectCode != '' and selectCode != '6'.toString()">
      <![CDATA[ and ( b.hcode = #{selectCode}  ) ]]>
      </if>
		<if test="searchWord != null and searchWord != '' and searchFild != null and searchFild eq 'All'">
		<![CDATA[ and ( UPPER(b.list_title) LIKE '%' ||UPPER(#{searchWord}) ||'%'  or UPPER(b.list_contents) LIKE '%' ||UPPER(#{searchWord}) ||'%' )  ]]>
		</if>
 

		<if test="searchWord != null and searchWord != '' and searchFild != null and searchFild neq 'All'   ">
		 <![CDATA[	and ( UPPER(b.${searchFild})  LIKE '%' ||UPPER(#{searchWord}) ||'%' )  ]]>
		</if>

		order by b.list_ref desc, b.list_step asc, b.list_date desc, seq desc
		)  TB ) WHERE rn BETWEEN ${end} + 1 AND ${end} + ${start}
<!-- 		limit ${start} offset ${end} -->
	</select>

	<select id="selectBoardListListTotCnt" parameterType="hashmap"
		resultType="int">
		SELECT COUNT(*) totcnt
		FROM board_list b LEFT JOIN member m ON b.mem_id = m.id
		WHERE b.board_id = ${boardId}
		and b.del_flag='N' and b.list_open='Y'
	<if test="selectCode != null and selectCode != '' and selectCode != '6'.toString()">
      <![CDATA[ and ( b.hcode = #{selectCode}  ) ]]>
      </if>

		<if
			test="searchWord != null and searchWord != '' and searchFild != null and searchFild eq 'All'">
		<![CDATA[ and ( UPPER(b.list_title) LIKE '%' ||UPPER(#{searchWord}) ||'%'  or UPPER(b.list_contents) LIKE '%' ||UPPER(#{searchWord}) ||'%' )  ]]>
		</if>
 

		<if
			test="searchWord != null and searchWord != '' and searchFild != null and searchFild neq 'All'  ">
		 <![CDATA[	and ( UPPER(b.${searchFild})  LIKE '%' ||UPPER(#{searchWord}) ||'%' )  ]]>
		</if>
	</select>

	<select id="selectBoardListList_notice" parameterType="int" resultMap="boardListVo">
	<![CDATA[
			SELECT b.*, (SELECT COUNT(seq) FROM attach_file WHERE flag='B'  AND ocode=b.list_id) AS attcnt
			, m.name, m.buseo
			FROM board_list b LEFT JOIN member m ON b.mem_id = m.id
			WHERE  b.board_id = #{boardId}
			and b.del_flag='N' 
			and b.open_space='Y' and b.list_open='Y'
		 	and (b.rsdate is null or b.rsdate <= trunc(sysdate) )
		 	and (b.redate is null or b.redate >= trunc(sysdate) )
			order by b.seq desc 
	 ]]>
	</select>



	<update id="deleteBoardListId" parameterType="int">
		UPDATE board_list
		set del_flag='Y' where board_id=#{boardId}
	</update>


	<select id="selectBoardListVodman" parameterType="int"
		resultMap="boardListVo">
		<![CDATA[
			SELECT b.*, (SELECT COUNT(seq) FROM attach_file WHERE flag='B'   AND ocode=b.list_id) AS attcnt
			FROM board_list b
						WHERE b.list_id=#{listId} and b.del_flag='N' 
				]]>
	</select>

	<select id="selectBoardListListVodman" parameterType="hashmap"
		resultMap="boardListVo">
		SELECT * FROM ( SELECT rownum rn, TB.* FROM (
		SELECT
		list_id
		, board_id
		, list_name
		, list_title
		, list_contents
		, list_email
		, list_link
		, list_passwd
		, list_re_level
		, list_read_count
		, list_ref
		, list_step
		, list_html_use
		, list_date
		, list_open
		, open_space
		, ip
		, list_security
		, rsdate
		, redate
		, dupinfo
		, hogi
		, cycle
		
		,doc_num
		,cycle_code
		,data_type
		,doc_type
		,bu_name
		,in_dept
		,distribution
		 ,category.ctitle AS hcode
		,mem_id 
		, (select count(seq) from attach_file where flag='B'   and ocode=board_list.list_id) as attcnt
		
		FROM board_list LEFT JOIN category ON board_list.hcode = category.ccode AND category.ctype='H'
		WHERE board_id = ${boardId}
		and board_list.del_flag='N'
		<if
			test="searchWord != null and searchWord != '' and searchFild != null and searchFild eq 'All'">
		<![CDATA[ and ( UPPER(list_title) LIKE '%' ||UPPER(#{searchWord}) ||'%'  or UPPER(list_contents) LIKE '%' ||UPPER(#{searchWord}) ||'%' )  ]]>
		</if>
		<if
			test="searchWord != null and searchWord != '' and searchFild != null and searchFild != 'All' ">
		<![CDATA[	and ( UPPER(${searchFild})  LIKE '%' ||UPPER(#{searchWord}) ||'%' )  ]]>
		</if>
		<if test ="hcode != null and hcode !='' ">
		<!-- <![CDATA[	and if(${hcode} is not null,  board_list.hcode = ${hcode} , 1=1 )  ]]> -->
		 <![CDATA[	and( UPPER(board_list.hcode) LIKE  '%' ||UPPER(${hcode}) ||'%')  OR board_list.hcode IS NULL  )  ]]>
		</if>
		order by list_ref desc, list_step asc, list_date desc, seq desc
		)  TB ) WHERE rn BETWEEN ${end} + 1 AND ${end} + ${start}
<!-- 		limit ${start} offset ${end} -->
	</select>

	<select id="selectBoardListListTotCntVodman" parameterType="hashmap"
		resultType="int">
		SELECT COUNT(board_list.list_id) totcnt
		FROM board_list LEFT JOIN category ON board_list.hcode = category.ccode AND category.ctype='H'
		WHERE board_id = ${boardId}
		and board_list.del_flag='N'

		<if
			test="searchWord != null and searchWord != '' and searchFild != null and searchFild eq 'All'">
		<![CDATA[ and ( UPPER(list_title) LIKE '%' || UPPER(#{searchWord}) || '%')  or list_contents LIKE '%' ||UPPER(#{searchWord}) ||'%' )  ]]>
		</if>
		<if
			test="searchWord != null and searchWord != '' and searchFild != null and searchFild != 'All' ">
		<![CDATA[	and ( UPPER(${searchFild})  LIKE '%' ||UPPER(#{searchWord}) ||'%' )  ]]>
		</if>
		
		<if test ="hcode != null and hcode !='' ">
		<!-- <![CDATA[	and if(${hcode} is not null,  board_list.hcode = ${hcode} , 1=1 )  ]]> -->
		 <![CDATA[	and( UPPER(board_list.hcode) LIKE '%' ||UPPER(${hcode}) ||'%'  OR board_list.hcode IS NULL  )  ]]>
		</if>


	</select>


	<insert id="insertBoardListReply">

		<!-- <selectKey resultType="int" keyProperty="listStep" order="BEFORE"> -->
		<!-- SELECT IFNULL(list_step+1, 1) FROM board_list where list_id = #{listRef} -->
		<!-- </selectKey> -->
		<selectKey resultType="int" keyProperty="listId" order="BEFORE">
			SELECT nvl(MAX(list_id)+1, 1) FROM board_list
		</selectKey>


		INSERT INTO board_list
		( list_id
		, board_id
		,seq
		, list_name
		, list_title
		, list_contents
		, list_email
		, list_link
		<!-- , list_passwd -->
		, list_re_level
		, list_read_count
		, list_ref
		, list_step
		, list_html_use
		, list_date
		, list_open
		, open_space
		, del_flag
		, ip
		, list_security
		, rsdate
		, redate
		, dupinfo
		, hcode
		,mem_id )
		VALUES (
		#{listId}
		,#{boardId}
		,BLIST_SEQ.nextval
		,#{listName, jdbcType=VARCHAR}
		,#{listTitle, jdbcType=VARCHAR}
		,#{listContents, jdbcType=CLOB}
		,#{listEmail, jdbcType=VARCHAR}
		,#{listLink, jdbcType=VARCHAR}
		<!-- ,password(#{listPasswd}) -->
		,${listReLevel+1}
		,0
		,#{listRef}
		,${listStep+1}
		,#{listHtmlUse, jdbcType=CHAR}
		,sysdate
		,#{listOpen, jdbcType=CHAR}
		,'N'
		,'N'
		,#{ip, jdbcType=VARCHAR}
		,#{listSecurity, jdbcType=CHAR}
		,#{rsdate, jdbcType=DATE}
		,#{redate, jdbcType=DATE}
		,#{dupinfo, jdbcType=VARCHAR}
		,#{hcode, jdbcType=VARCHAR}
		,#{mem_id, jdbcType=VARCHAR}
		)

		<!-- <selectKey resultType="int" keyProperty="seq" order="AFTER"> -->
		<!-- SELECT LAST_INSERT_ID() -->
		<!-- </selectKey> -->


	</insert>

	<update id="update_ListStep" parameterType="int">
		update board_list
		set list_step = list_step + 1
		where list_ref = ${listRef} and list_step > ${listStep}
	</update>




	<select id="getPrevBoard" parameterType="hashmap" resultMap="boardListVo">
		SELECT * FROM ( SELECT TB.*, rownum rn  FROM (
		SELECT * 
		FROM board_list
		WHERE del_flag='N' and list_open='Y'
		<if
			test="searchWord != null and searchWord != '' and searchFild != null and searchFild eq 'All'">
		<![CDATA[ and ( UPPER(list_title) LIKE '%' ||UPPER(#{searchWord}) ||'%'  or UPPER(list_contents) LIKE '%' ||UPPER(#{searchWord}) ||'%' )  ]]>
		</if>
		<if
			test="searchWord != null and searchWord != '' and searchFild != null and searchFild != 'All' ">
		<![CDATA[	and ( UPPER(${searchFild})  LIKE '%' ||UPPER(#{searchWord}) ||'%' )  ]]>
		</if> 		
		<![CDATA[ and list_id < #{listId}  ]]>
		AND board_id = (SELECT board_id FROM board_list WHERE list_id=
		#{listId})
		order by seq desc
		<![CDATA[
		 )TB ) WHERE rn <= 1
		 ]]>
<!-- 		limit 0,1 -->

	</select>

	<select id="getNextBoard" parameterType="hashmap" resultMap="boardListVo">
SELECT * FROM ( SELECT TB.*, rownum rn  FROM (
		SELECT * 
		FROM board_list
		WHERE del_flag='N' and list_open='Y'
		<if
			test="searchWord != null and searchWord != '' and searchFild != null and searchFild eq 'All'">
		<![CDATA[ and ( UPPER(list_title) LIKE '%'||UPPER(#{searchWord})||'%'  or UPPER(list_contents) LIKE '%'||UPPER(#{searchWord})||'%')   ]]>
		</if>
		<if
			test="searchWord != null and searchWord != '' and searchFild != null and searchFild != 'All' ">
		<![CDATA[	and ( UPPER(${searchFild})  LIKE '%'||UPPER(#{searchWord})||'%' )  ]]>
		</if> 		
		<![CDATA[ and list_id > #{listId}  ]]>
		AND board_id = (SELECT board_id FROM board_list WHERE list_id=
		#{listId})
		order by seq asc
		<![CDATA[
		 )TB ) WHERE rn <= 1
	 
		 ]]>  
<!-- 		limit 0,1 -->

	</select>



	<select id="pwdCheck" parameterType="hashmap" resultType="int">
		SELECT COUNT(*) list_id
		FROM board_list
		WHERE list_id = ${listId}
		and list_passwd=password(#{listPasswd})
		and del_flag='N'

	</select>

	<select id="dupCheck" parameterType="hashmap" resultType="int">
		SELECT COUNT(*) list_id
		FROM board_list
		WHERE list_id = ${listId}
		and dupinfo=#{dupinfo}
		and del_flag='N'

	</select>

	<select id="selectNotice_limit" parameterType="hashmap"
		resultMap="boardListVo">
		<![CDATA[
		SELECT * FROM ( SELECT rownum rn, TB.* FROM (
		SELECT *  
			FROM board_list
			WHERE board_id=#{boardId} and del_flag='N' and list_open='Y'
			and list_step = 0
			order by seq desc 
			)TB ) WHERE rn  <= ${limit}
		 
				]]>
				<!-- 			limit 0, ${limit} -->
	</select>

	<select id="fileCheck" parameterType="int" resultMap="boardListVo">
		<![CDATA[
			SELECT a.list_security, b.board_auth_read as listReLevel
			FROM board_list a left join board_info b on a.board_id = b.board_id
			WHERE a.list_id=#{listId} and a.del_flag='N' and a.list_open='Y' and b.del_flag = 'N'
				]]>
	</select>


	<select id="selectBoardListListTotCntAll" parameterType="hashmap"
		resultType="int">
		SELECT COUNT(*) totcnt
		FROM board_list b LEFT JOIN member m ON b.mem_id = m.id, board_info i
		WHERE b.board_id = i.board_id AND i.del_flag='N'
		and b.del_flag='N' and b.list_open='Y'
		

		<if
			test="searchWord != null and searchWord != '' and searchFild != null and searchFild eq 'All'">
		<![CDATA[ and ( UPPER(b.list_title) LIKE '%'||UPPER(#{searchWord})||'%'  or UPPER(b.list_contents) LIKE '%'||UPPER(#{searchWord})||'%' )  ]]>
		</if>
 
		<if
			test="searchWord != null and searchWord != '' and searchFild != null and searchFild neq 'All' ">
		 <![CDATA[	and ( UPPER(b.${searchFild})  LIKE '%'||UPPER(#{searchWord})||'%' )  ]]>
		</if>
	</select>

	<select id="selectBoardListListAll" parameterType="hashmap"
		resultMap="boardListVo">
		SELECT * FROM ( SELECT rownum rn, TB.* FROM (
		SELECT b.*, (SELECT COUNT(seq) FROM attach_file WHERE flag='B' AND
		TYPE='N' AND ocode=b.list_id) AS listDataFile
		, m.name, m.buseo
		FROM board_list b LEFT JOIN member m ON b.mem_id = m.id, board_info i
		WHERE b.board_id = i.board_id AND i.del_flag='N'
		and b.del_flag='N' and b.list_open='Y'
		<if
			test="searchWord != null and searchWord != '' and searchFild != null and searchFild eq 'All'">
		<![CDATA[ and ( UPPER(b.list_title) LIKE '%'||UPPER(#{searchWord})||'%'  or UPPER(b.list_contents) LIKE '%'||UPPER(#{searchWord})||'%' )  ]]>
		</if>

	 

		<if
			test="searchWord != null and searchWord != '' and searchFild != null and searchFild neq 'All'   ">
		 <![CDATA[	and ( UPPER(b.${searchFild})  LIKE '%'||UPPER(#{searchWord})||'%' )  ]]>
		</if>
		
		<if
			test="selectCode != null and selectCode != ''  ">
		<![CDATA[ and ( b.hcode = #{selectCode}  )  ]]>
		</if>
		

		order by b.list_ref desc, b.list_step asc, b.list_date desc, seq desc
			)  TB ) WHERE rn BETWEEN ${end} + 1 AND ${end} + ${start}
<!-- 		limit ${start} offset ${end} -->
	</select>

	

</mapper>
